지점,지점명,일시,기온(°C),강수량(mm),풍속(m/s),습도(%),일조(hr),일사(MJ/m2),적설(cm),전운량(10분위)
152,울산,2025-04-01 00:00,4.8,,1.3,68,,,,0
152,울산,2025-04-01 01:00,4.7,,1.8,69,,,,0
152,울산,2025-04-01 02:00,4.3,,1.3,68,,,,0
152,울산,2025-04-01 03:00,3.8,,.5,66,,,,0
152,울산,2025-04-01 04:00,3.2,,.2,67,,,,0
152,울산,2025-04-01 05:00,2.5,,.8,73,,,,0
152,울산,2025-04-01 06:00,2.3,,.5,73,,,,0
152,울산,2025-04-01 07:00,2.9,,.2,72,.2,.11,,0
152,울산,2025-04-01 08:00,4.6,,.5,70,0,.4,,6
152,울산,2025-04-01 09:00,8.7,,1.2,57,.9,1.12,,7
152,울산,2025-04-01 10:00,11.5,,2.1,39,1,1.91,,5
152,울산,2025-04-01 11:00,13.5,,2,37,1,2.73,,4
152,울산,2025-04-01 12:00,13.4,,4.1,33,1,3.15,,1
152,울산,2025-04-01 13:00,13.9,,4.4,33,1,3.37,,2
152,울산,2025-04-01 14:00,13.7,,3.8,33,1,3.18,,1
152,울산,2025-04-01 15:00,13,,3.7,34,1,2.81,,1
152,울산,2025-04-01 16:00,12.7,,3.2,29,1,2.14,,2
152,울산,2025-04-01 17:00,12.4,,2.9,32,1,1.55,,5
152,울산,2025-04-01 18:00,10.5,,2.4,56,1,.77,,3
152,울산,2025-04-01 19:00,9,,1.3,66,.2,.09,,0
152,울산,2025-04-01 20:00,8.4,,1.9,70,,,,0
152,울산,2025-04-01 21:00,7.9,,1.9,69,,,,0
152,울산,2025-04-01 22:00,7.6,,2.2,71,,,,0
152,울산,2025-04-01 23:00,6.9,,1.9,73,,,,0
152,울산,2025-04-02 00:00,6.4,,2.5,73,,,,0
152,울산,2025-04-02 01:00,5.7,,1,76,,,,0
152,울산,2025-04-02 02:00,6.2,,2.8,75,,,,0
152,울산,2025-04-02 03:00,5.2,,1.5,79,,,,0
152,울산,2025-04-02 04:00,5.1,,2.5,82,,,,7
152,울산,2025-04-02 05:00,4.8,,2.8,84,,,,6
152,울산,2025-04-02 06:00,5,,1.1,81,,,,0
152,울산,2025-04-02 07:00,5.6,,1.7,83,.3,.12,,0
152,울산,2025-04-02 08:00,8.3,,1.6,72,1,.84,,0
152,울산,2025-04-02 09:00,9.7,,2.8,60,1,1.63,,0
152,울산,2025-04-02 10:00,12.5,,2,48,1,2.36,,0
152,울산,2025-04-02 11:00,12.5,,2.7,42,1,2.87,,0
152,울산,2025-04-02 12:00,14.3,,3.1,48,1,3.17,,1
152,울산,2025-04-02 13:00,13.5,,5,52,1,3.31,,0
152,울산,2025-04-02 14:00,12.7,,4.6,53,1,3.15,,0
152,울산,2025-04-02 15:00,11.9,,5.1,49,1,2.77,,0
152,울산,2025-04-02 16:00,11.5,,2.2,55,1,1.84,,6
152,울산,2025-04-02 17:00,10.9,,3,59,1,1.44,,7
152,울산,2025-04-02 18:00,9.6,,3,59,.6,.63,,2
152,울산,2025-04-02 19:00,8.5,,2.4,72,.1,.06,,4
152,울산,2025-04-02 20:00,8.5,,1.5,72,,,,9
152,울산,2025-04-02 21:00,8.3,,.7,71,,,,7
152,울산,2025-04-02 22:00,8.2,,1.4,70,,,,10
152,울산,2025-04-02 23:00,8.2,0,1.8,68,,,,10
152,울산,2025-04-03 00:00,7,0,1.5,74,,,,8
152,울산,2025-04-03 01:00,6.8,0,2.6,69,,,,8
152,울산,2025-04-03 02:00,6,0,2.7,76,,,,4
152,울산,2025-04-03 03:00,5.4,,2.1,77,,,,0
152,울산,2025-04-03 04:00,4.2,,1.1,83,,,,0
152,울산,2025-04-03 05:00,4,,1.3,84,,,,2
152,울산,2025-04-03 06:00,3.5,,1.3,85,,,,1
152,울산,2025-04-03 07:00,4.4,,1.6,84,.2,.11,,1
152,울산,2025-04-03 08:00,7.3,,2.6,73,.8,.64,,4
152,울산,2025-04-03 09:00,9.6,,2.3,59,.4,1.03,,7
152,울산,2025-04-03 10:00,10.1,,2.5,55,.2,1.29,,8
152,울산,2025-04-03 11:00,10.8,,2.8,52,.4,1.84,,9
152,울산,2025-04-03 12:00,11.8,,3.4,50,.4,2.15,,9
152,울산,2025-04-03 13:00,12.3,,2.4,51,.3,2,,7
152,울산,2025-04-03 14:00,12,,2.9,57,.6,2.41,,3
152,울산,2025-04-03 15:00,11.6,,4.7,56,.8,2.39,,1
152,울산,2025-04-03 16:00,11,,3.2,59,1,2.16,,0
152,울산,2025-04-03 17:00,10.3,,3.6,62,1,1.45,,0
152,울산,2025-04-03 18:00,9.3,,2.6,65,1,.67,,0
152,울산,2025-04-03 19:00,8,,1.6,71,.2,.09,,0
152,울산,2025-04-03 20:00,7.5,,1.9,73,,,,0
152,울산,2025-04-03 21:00,6.8,,1.1,74,,,,0
152,울산,2025-04-03 22:00,6.4,,1.9,76,,,,0
152,울산,2025-04-03 23:00,6.2,,2,78,,,,0
152,울산,2025-04-04 00:00,5.4,,1.4,82,,,,1
152,울산,2025-04-04 01:00,4.7,,.9,84,,,,0
152,울산,2025-04-04 02:00,4.9,,1.8,84,,,,0
152,울산,2025-04-04 03:00,3.8,,1.5,88,,,,0
152,울산,2025-04-04 04:00,3.5,,1.5,90,,,,0
152,울산,2025-04-04 05:00,3.5,,.5,88,,,,0
152,울산,2025-04-04 06:00,3.1,,1.4,92,,,,0
152,울산,2025-04-04 07:00,3.7,,.2,92,.2,.13,,0
152,울산,2025-04-04 08:00,7,,.3,83,1,.72,,0
152,울산,2025-04-04 09:00,9.5,,1.7,67,1,1.45,,0
152,울산,2025-04-04 10:00,12.4,,2.2,56,1,2.14,,0
152,울산,2025-04-04 11:00,13.8,,2.4,50,1,2.72,,0
152,울산,2025-04-04 12:00,15.7,,2.9,46,1,3.2,,3
152,울산,2025-04-04 13:00,13.7,,1.9,50,.2,1.7,,7
152,울산,2025-04-04 14:00,14.8,,2.8,50,.5,2,,6
152,울산,2025-04-04 15:00,14.2,,2.3,50,.9,2.57,,5
152,울산,2025-04-04 16:00,14.1,,3,51,.7,1.66,,5
152,울산,2025-04-04 17:00,13.5,,2.4,55,.7,1.11,,0
152,울산,2025-04-04 18:00,12.3,,2.6,52,1,.59,,0
152,울산,2025-04-04 19:00,11.1,,2.5,58,0,.08,,0
152,울산,2025-04-04 20:00,10.9,,3.2,55,,,,0
152,울산,2025-04-04 21:00,10.2,,2.5,51,,,,0
152,울산,2025-04-04 22:00,10.2,,2.7,46,,,,0
152,울산,2025-04-04 23:00,8.8,,1.2,51,,,,6
152,울산,2025-04-05 00:00,9.5,,2.3,45,,,,6
152,울산,2025-04-05 01:00,8.4,,1.7,49,,,,4
152,울산,2025-04-05 02:00,7.5,,.1,51,,,,6
152,울산,2025-04-05 03:00,7.7,,.6,53,,,,9
152,울산,2025-04-05 04:00,7.4,,.3,52,,,,9
152,울산,2025-04-05 05:00,7.1,,1.5,53,,,,8
152,울산,2025-04-05 06:00,6.4,,.8,59,,,,9
152,울산,2025-04-05 07:00,7.4,,1.3,53,0,.06,,9
152,울산,2025-04-05 08:00,8,,.4,55,0,.24,,10
152,울산,2025-04-05 09:00,10.4,,1,48,0,.63,,10
152,울산,2025-04-05 10:00,12.4,,2.5,50,0,.99,,9
152,울산,2025-04-05 11:00,13.7,,4.5,49,.2,1.51,,9
152,울산,2025-04-05 12:00,14.7,,4.4,48,.2,1.77,,8
152,울산,2025-04-05 13:00,15.5,,3.7,45,.3,1.78,,9
152,울산,2025-04-05 14:00,14.6,,4.7,52,0,1.11,,10
152,울산,2025-04-05 15:00,13.8,0,4.2,64,0,.9,,10
152,울산,2025-04-05 16:00,14.1,0,4.7,65,0,.81,,10
152,울산,2025-04-05 17:00,12.3,.1,6.6,67,0,.22,,10
152,울산,2025-04-05 18:00,11.7,.2,3.1,69,0,.31,,6
152,울산,2025-04-05 19:00,11.8,,4.5,70,0,.06,,2
152,울산,2025-04-05 20:00,11.2,,1.7,71,,,,1
152,울산,2025-04-05 21:00,11.1,,4.2,72,,,,0
152,울산,2025-04-05 22:00,11.1,,4.5,73,,,,0
152,울산,2025-04-05 23:00,11,,3.6,73,,,,0
152,울산,2025-04-06 00:00,11,,3.5,74,,,,0
152,울산,2025-04-06 01:00,11.3,,3.6,70,,,,0
152,울산,2025-04-06 02:00,10.8,,2.8,68,,,,0
152,울산,2025-04-06 03:00,9.4,,1.7,75,,,,0
152,울산,2025-04-06 04:00,9.4,,2.7,53,,,,0
152,울산,2025-04-06 05:00,8.3,,2.4,59,,,,0
152,울산,2025-04-06 06:00,7.4,,1.1,64,,,,0
152,울산,2025-04-06 07:00,8,,1,63,.5,.16,,0
152,울산,2025-04-06 08:00,10.4,,1.9,53,1,.84,,0
152,울산,2025-04-06 09:00,11.4,,4.4,48,1,1.65,,0
152,울산,2025-04-06 10:00,12.4,,4.3,43,1,2.39,,0
152,울산,2025-04-06 11:00,14.2,,3.5,37,1,2.94,,0
152,울산,2025-04-06 12:00,15.2,,2.9,34,1,3.27,,0
152,울산,2025-04-06 13:00,16.5,,2.6,29,1,3.4,,0
152,울산,2025-04-06 14:00,17.1,,4,24,1,3.14,,0
152,울산,2025-04-06 15:00,18.4,,4.8,20,1,2.88,,1
152,울산,2025-04-06 16:00,18.3,,4.4,17,1,2.28,,0
152,울산,2025-04-06 17:00,18,,4.5,15,1,1.56,,0
152,울산,2025-04-06 18:00,17.3,,2.3,17,1,.75,,0
152,울산,2025-04-06 19:00,12.8,,1.1,51,.3,.1,,0
152,울산,2025-04-06 20:00,11.8,,.9,53,,,,0
152,울산,2025-04-06 21:00,11.3,,1.1,45,,,,0
152,울산,2025-04-06 22:00,13.2,,1.9,27,,,,0
152,울산,2025-04-06 23:00,11.3,,1.9,32,,,,0
152,울산,2025-04-07 00:00,11.4,,2.2,28,,,,0
152,울산,2025-04-07 01:00,10.8,,2.5,29,,,,0
152,울산,2025-04-07 02:00,9.9,,2,31,,,,0
152,울산,2025-04-07 03:00,8.7,,1,38,,,,0
152,울산,2025-04-07 04:00,7.4,,.5,39,,,,0
152,울산,2025-04-07 05:00,7.3,,.8,42,,,,0
152,울산,2025-04-07 06:00,6.6,,.9,42,,,,0
152,울산,2025-04-07 07:00,9.3,,1.4,37,.5,.18,,0
152,울산,2025-04-07 08:00,12.3,,.5,35,1,.89,,0
152,울산,2025-04-07 09:00,14.5,,2,28,1,1.73,,0
152,울산,2025-04-07 10:00,16.4,,1.5,23,1,2.44,,0
152,울산,2025-04-07 11:00,18.3,,2.5,21,1,2.98,,0
152,울산,2025-04-07 12:00,18.2,,3,21,1,3.26,,0
152,울산,2025-04-07 13:00,18.7,,2.9,19,1,3.38,,0
152,울산,2025-04-07 14:00,18.7,,3.3,24,1,3.22,,0
152,울산,2025-04-07 15:00,16.9,,3.5,42,1,2.81,,0
152,울산,2025-04-07 16:00,17.8,,2.1,38,1,2.21,,0
152,울산,2025-04-07 17:00,17.9,,1.9,40,1,1.49,,1
152,울산,2025-04-07 18:00,16.3,,1.3,44,1,.63,,7
152,울산,2025-04-07 19:00,14.2,,1.3,52,0,.08,,7
152,울산,2025-04-07 20:00,16.4,,4,28,,,,7
152,울산,2025-04-07 21:00,15.6,,2,31,,,,2
152,울산,2025-04-07 22:00,14.9,,2.1,34,,,,8
152,울산,2025-04-07 23:00,14.7,,.5,38,,,,9
152,울산,2025-04-08 00:00,14.4,,1.7,39,,,,8
152,울산,2025-04-08 01:00,15.1,,2.9,32,,,,6
152,울산,2025-04-08 02:00,12.1,,.8,64,,,,7
152,울산,2025-04-08 03:00,15.4,,5.6,28,,,,8
152,울산,2025-04-08 04:00,15.2,,5,31,,,,8
152,울산,2025-04-08 05:00,14.7,,4.4,34,,,,7
152,울산,2025-04-08 06:00,14.1,,3.4,38,,,,6
152,울산,2025-04-08 07:00,14.9,,2.8,38,0,.1,,2
152,울산,2025-04-08 08:00,16.7,,3.4,34,1,.7,,0
152,울산,2025-04-08 09:00,19.9,,3.1,28,1,1.31,,0
152,울산,2025-04-08 10:00,20.7,,4,32,1,1.96,,0
152,울산,2025-04-08 11:00,21.7,,4.2,26,1,2.74,,0
152,울산,2025-04-08 12:00,23.1,,3.9,23,1,3.17,,0
152,울산,2025-04-08 13:00,23.6,,4.1,19,1,3.31,,0
152,울산,2025-04-08 14:00,24.6,,3.5,17,1,3.2,,0
152,울산,2025-04-08 15:00,24.9,,4.4,11,1,2.82,,0
152,울산,2025-04-08 16:00,23.7,,5.7,12,1,2.29,,0
152,울산,2025-04-08 17:00,18.5,,5.2,34,1,1.55,,0
152,울산,2025-04-08 18:00,14.7,,5,44,1,.69,,7
152,울산,2025-04-08 19:00,12.9,,3.5,48,.2,.11,,0
152,울산,2025-04-08 20:00,12.2,,2.1,47,,,,0
152,울산,2025-04-08 21:00,11.3,,1.7,46,,,,0
152,울산,2025-04-08 22:00,11,,1.7,50,,,,0
152,울산,2025-04-08 23:00,10.5,,1.7,57,,,,0
152,울산,2025-04-09 00:00,9.2,,1.4,64,,,,0
152,울산,2025-04-09 01:00,9.1,,1.1,70,,,,0
152,울산,2025-04-09 02:00,8,,1,74,,,,0
152,울산,2025-04-09 03:00,7.4,,1.1,77,,,,0
152,울산,2025-04-09 04:00,7.2,,1.4,78,,,,3
152,울산,2025-04-09 05:00,6.9,,1.1,82,,,,0
152,울산,2025-04-09 06:00,6.8,,.4,84,0,0,,0
152,울산,2025-04-09 07:00,7.9,,1.1,83,.3,.16,,0
152,울산,2025-04-09 08:00,11.2,,.6,69,1,.8,,3
152,울산,2025-04-09 09:00,13.6,,1.1,57,1,1.47,,5
152,울산,2025-04-09 10:00,15.5,,1.2,47,1,2.02,,6
152,울산,2025-04-09 11:00,17.9,,2.8,38,1,2.77,,6
152,울산,2025-04-09 12:00,17.1,,3.2,36,1,2.9,,7
152,울산,2025-04-09 13:00,16.6,,3.5,43,.8,2.41,,8
152,울산,2025-04-09 14:00,16.8,,2.9,44,.8,2.5,,9
152,울산,2025-04-09 15:00,15.7,,3.1,55,.2,1.54,,9
152,울산,2025-04-09 16:00,14.9,,1.9,64,.4,1.27,,9
152,울산,2025-04-09 17:00,15.2,,1.8,64,.6,1.15,,5
152,울산,2025-04-09 18:00,14,,2.4,70,.4,.54,,8
152,울산,2025-04-09 19:00,12.8,,1.5,80,0,.11,,7
152,울산,2025-04-09 20:00,12.5,,1.1,84,,,,8
152,울산,2025-04-09 21:00,13.1,0,1.7,83,,,,10
152,울산,2025-04-09 22:00,12.8,0,1.4,84,,,,10
152,울산,2025-04-09 23:00,12.4,,.4,84,,,,8
152,울산,2025-04-10 00:00,12,,1.4,89,,,,7
152,울산,2025-04-10 01:00,11.4,,1.8,86,,,,6
152,울산,2025-04-10 02:00,11.1,,1.4,82,,,,5
152,울산,2025-04-10 03:00,11.3,,.9,78,,,,2
152,울산,2025-04-10 04:00,11.7,,1.5,75,,,,0
152,울산,2025-04-10 05:00,12.2,,.7,75,,,,0
152,울산,2025-04-10 06:00,11.6,,2.8,79,0,0,,0
152,울산,2025-04-10 07:00,12.1,,.5,78,0,.16,,0
152,울산,2025-04-10 08:00,14.2,,1.1,71,1,.72,,0
152,울산,2025-04-10 09:00,17,,1.8,59,1,1.45,,0
152,울산,2025-04-10 10:00,18.3,,1.8,56,1,2.08,,0
152,울산,2025-04-10 11:00,20,,2.2,48,1,2.67,,4
152,울산,2025-04-10 12:00,20.6,,2.5,52,.9,2.72,,4
152,울산,2025-04-10 13:00,20.5,,2.5,56,1,3.07,,1
152,울산,2025-04-10 14:00,20,,2.7,58,1,2.91,,2
152,울산,2025-04-10 15:00,20.1,,2.9,55,1,2.57,,1
152,울산,2025-04-10 16:00,18,,4,64,1,2.02,,2
152,울산,2025-04-10 17:00,15.9,,3.2,73,.1,.58,,9
152,울산,2025-04-10 18:00,15,,4.3,77,0,.28,,8
152,울산,2025-04-10 19:00,13.2,,3.3,71,0,.07,,6
152,울산,2025-04-10 20:00,13.1,,2.4,58,,,,6
152,울산,2025-04-10 21:00,13,,2.3,58,,,,2
152,울산,2025-04-10 22:00,12.1,,1.6,60,,,,2
152,울산,2025-04-10 23:00,11.5,,1.7,63,,,,0
152,울산,2025-04-11 00:00,9.9,,.7,70,,,,0
152,울산,2025-04-11 01:00,9.5,,1.4,71,,,,0
152,울산,2025-04-11 02:00,9.4,,1.5,74,,,,0
152,울산,2025-04-11 03:00,8.7,,1.4,75,,,,0
152,울산,2025-04-11 04:00,8.3,,.3,77,,,,0
152,울산,2025-04-11 05:00,7.5,,.6,82,,,,0
152,울산,2025-04-11 06:00,7.4,,0,83,0,0,,0
152,울산,2025-04-11 07:00,8.9,,.4,79,.7,.21,,0
152,울산,2025-04-11 08:00,13.2,,1.2,57,1,.94,,0
152,울산,2025-04-11 09:00,16.3,,1.8,50,1,1.75,,0
152,울산,2025-04-11 10:00,18.9,,2.5,37,1,2.44,,0
152,울산,2025-04-11 11:00,19.5,,2,32,1,3.01,,0
152,울산,2025-04-11 12:00,19.7,,3.6,31,1,3.35,,0
152,울산,2025-04-11 13:00,19.9,,3.7,30,1,3.47,,0
152,울산,2025-04-11 14:00,19.5,,4.5,49,1,3.24,,0
152,울산,2025-04-11 15:00,19.2,,3.4,42,1,2.82,,0
152,울산,2025-04-11 16:00,17.8,,2.5,52,1,2.28,,0
152,울산,2025-04-11 17:00,16.4,,2.7,60,1,1.56,,0
152,울산,2025-04-11 18:00,14.6,,2.7,68,1,.76,,0
152,울산,2025-04-11 19:00,13.1,,1.4,70,.3,.11,,3
152,울산,2025-04-11 20:00,12.1,,1.3,78,,,,4
152,울산,2025-04-11 21:00,11.3,,.7,82,,,,5
152,울산,2025-04-11 22:00,10.7,,.4,87,,,,4
152,울산,2025-04-11 23:00,10.4,,.3,89,,,,4
152,울산,2025-04-12 00:00,9.8,,.8,92,,,,7
152,울산,2025-04-12 01:00,9.2,,.1,92,,,,6
152,울산,2025-04-12 02:00,8.9,,.2,92,,,,4
152,울산,2025-04-12 03:00,8.8,,.3,92,,,,0
152,울산,2025-04-12 04:00,8.3,,.3,95,,,,4
152,울산,2025-04-12 05:00,8.2,,.2,95,,,,6
152,울산,2025-04-12 06:00,8.5,,.1,97,0,0,,9
152,울산,2025-04-12 07:00,9.5,,.1,97,0,.12,,9
152,울산,2025-04-12 08:00,11.6,,.6,93,.6,.76,,7
152,울산,2025-04-12 09:00,13.6,,1.4,76,1,1.44,,6
152,울산,2025-04-12 10:00,15.9,,2.8,62,.8,2.08,,7
152,울산,2025-04-12 11:00,16.1,,2.3,59,.9,2.19,,9
152,울산,2025-04-12 12:00,16.3,,3.1,54,.1,1.72,,9
152,울산,2025-04-12 13:00,17.4,,3.3,55,.7,2.3,,9
152,울산,2025-04-12 14:00,15.4,,2.7,65,0,1.37,,9
152,울산,2025-04-12 15:00,15.6,,2.4,64,0,1.07,,10
152,울산,2025-04-12 16:00,14.3,,2.5,72,0,.35,,10
152,울산,2025-04-12 17:00,13.3,.2,1.4,83,0,.2,,10
152,울산,2025-04-12 18:00,12.8,.5,1.7,87,0,.09,,10
152,울산,2025-04-12 19:00,12.6,.3,1,91,0,.01,,10
152,울산,2025-04-12 20:00,12.3,.4,2.5,86,,,,10
152,울산,2025-04-12 21:00,12.4,1.7,2.4,93,,,,10
152,울산,2025-04-12 22:00,12.2,1.4,2.7,91,,,,10
152,울산,2025-04-12 23:00,12.2,2.8,4,95,,,,10
152,울산,2025-04-13 00:00,12.4,2.3,4.1,96,,,,10
152,울산,2025-04-13 01:00,12.8,2.6,3.8,97,,,,10
152,울산,2025-04-13 02:00,12.7,5.3,2.8,97,,,,10
152,울산,2025-04-13 03:00,13.5,8.3,2.6,97,,,,10
152,울산,2025-04-13 04:00,5.2,8.9,6,90,,,,10
152,울산,2025-04-13 05:00,4.8,.3,5.4,75,,,,9
152,울산,2025-04-13 06:00,5.2,,4,66,0,0,,6
152,울산,2025-04-13 07:00,6.4,,3.1,54,.4,.22,,0
152,울산,2025-04-13 08:00,7.5,,3.2,48,1,.99,,0
152,울산,2025-04-13 09:00,8.6,,4.3,41,1,1.81,,0
152,울산,2025-04-13 10:00,9.9,,4.9,36,1,2.52,,0
152,울산,2025-04-13 11:00,10.6,,6.9,31,1,3.07,,0
152,울산,2025-04-13 12:00,12,,3.4,32,.8,2.94,,2
152,울산,2025-04-13 13:00,12,,5.2,34,.7,2.65,,5
152,울산,2025-04-13 14:00,11.8,,4.1,32,.2,1.24,,8
152,울산,2025-04-13 15:00,11.5,,3.7,41,.2,1.25,,8
152,울산,2025-04-13 16:00,12.5,,4.1,34,.9,2.06,,6
152,울산,2025-04-13 17:00,11.7,,4,35,.5,1.1,,6
152,울산,2025-04-13 18:00,11,,2.6,39,.2,.44,,5
152,울산,2025-04-13 19:00,10.2,,2.6,38,0,.11,,2
152,울산,2025-04-13 20:00,9.9,,2.7,37,,,,2
152,울산,2025-04-13 21:00,8.6,,2.4,39,,,,1
152,울산,2025-04-13 22:00,8,,2.8,38,,,,4
152,울산,2025-04-13 23:00,7.5,,3.2,39,,,,0
152,울산,2025-04-14 00:00,7.1,,4.7,40,,,,0
152,울산,2025-04-14 01:00,6.5,,3.7,43,,,,0
152,울산,2025-04-14 02:00,5.4,,1.7,49,,,,0
152,울산,2025-04-14 03:00,5,,1.9,49,,,,0
152,울산,2025-04-14 04:00,4.6,,2.5,54,,,,8
152,울산,2025-04-14 05:00,6.2,,3,51,,,,10
152,울산,2025-04-14 06:00,4.2,.4,2.6,79,0,0,,10
152,울산,2025-04-14 07:00,3.4,1.2,.6,90,0,.01,,10
152,울산,2025-04-14 08:00,3.7,1.8,.8,92,0,.15,,10
152,울산,2025-04-14 09:00,4.6,,1.4,87,.1,.73,,5
152,울산,2025-04-14 10:00,7.8,,1.8,79,.6,1.88,,8
152,울산,2025-04-14 11:00,8.1,,2.5,74,.2,1.51,,9
152,울산,2025-04-14 12:00,9.1,,1.5,69,.1,1.46,,9
152,울산,2025-04-14 13:00,10.3,,1.7,65,0,1.49,,9
152,울산,2025-04-14 14:00,10.3,,1.9,67,.1,1.15,,10
152,울산,2025-04-14 15:00,8.5,.7,1.4,87,0,.35,,10
152,울산,2025-04-14 16:00,8.4,1.2,.5,86,0,.34,,10
152,울산,2025-04-14 17:00,6.9,0,3,84,0,.24,,10
152,울산,2025-04-14 18:00,6,1.7,2.3,92,0,.12,,10
152,울산,2025-04-14 19:00,5.5,,.9,92,0,.12,,7
152,울산,2025-04-14 20:00,5.6,,2,91,,,,10
152,울산,2025-04-14 21:00,5.5,0,2.1,92,,,,10
152,울산,2025-04-14 22:00,5.7,0,2.6,91,,,,10
152,울산,2025-04-14 23:00,5.4,.7,2.4,90,,,,10
152,울산,2025-04-15 00:00,4.5,.1,1.5,90,,,,6
152,울산,2025-04-15 01:00,4.7,,1.6,93,,,,9
152,울산,2025-04-15 02:00,5,,1.7,90,,,,10
152,울산,2025-04-15 03:00,4.6,0,.6,91,,,,6
152,울산,2025-04-15 04:00,4.5,,1.7,85,,,,5
152,울산,2025-04-15 05:00,4.6,,3.3,80,,,,0
152,울산,2025-04-15 06:00,4.4,,2.5,79,0,0,,0
152,울산,2025-04-15 07:00,5.5,,2.6,72,.8,.28,,0
152,울산,2025-04-15 08:00,7,,3.6,62,1,1.04,,0
152,울산,2025-04-15 09:00,8.2,,3.9,50,1,1.85,,0
152,울산,2025-04-15 10:00,10,,3.4,48,1,2.59,,0
152,울산,2025-04-15 11:00,10.9,,3.5,45,1,3.22,,1
152,울산,2025-04-15 12:00,11.9,,4.7,39,1,3.44,,1
152,울산,2025-04-15 13:00,13,,4.4,34,1,3.56,,1
152,울산,2025-04-15 14:00,14,,3,32,1,3.18,,2
152,울산,2025-04-15 15:00,15.3,,3.5,29,1,2.79,,1
152,울산,2025-04-15 16:00,15.7,,4.7,27,1,2.41,,1
152,울산,2025-04-15 17:00,15.6,,1.9,33,1,1.63,,0
152,울산,2025-04-15 18:00,15.2,,1.3,30,.8,.81,,1
152,울산,2025-04-15 19:00,13.7,,1.8,36,.2,.14,,0
152,울산,2025-04-15 20:00,12.4,,1.6,40,,,,0
152,울산,2025-04-15 21:00,12.3,,2.3,40,,,,0
152,울산,2025-04-15 22:00,11.1,,1.8,44,,,,0
152,울산,2025-04-15 23:00,10.8,,1.8,46,,,,0
152,울산,2025-04-16 00:00,10.3,,2.4,49,,,,0
152,울산,2025-04-16 01:00,10.4,,2.6,49,,,,0
152,울산,2025-04-16 02:00,10.4,,2.8,50,,,,0
152,울산,2025-04-16 03:00,9.1,,2,56,,,,0
152,울산,2025-04-16 04:00,9,,2.3,57,,,,0
152,울산,2025-04-16 05:00,7.2,,.4,64,,,,0
152,울산,2025-04-16 06:00,7.3,,1.2,66,0,0,,0
152,울산,2025-04-16 07:00,8.4,,.8,64,.6,.22,,0
152,울산,2025-04-16 08:00,9.5,,.4,66,.3,.44,,5
152,울산,2025-04-16 09:00,11.6,,.7,59,.3,.93,,7
152,울산,2025-04-16 10:00,14.4,,1.3,48,.8,2.01,,0
152,울산,2025-04-16 11:00,16.6,,2.2,43,1,2.81,,3
152,울산,2025-04-16 12:00,17.7,,2.3,49,1,3.16,,0
152,울산,2025-04-16 13:00,18.8,,1.8,48,1,3.29,,2
152,울산,2025-04-16 14:00,21.2,,2,48,1,3.08,,7
152,울산,2025-04-16 15:00,21.2,,2.9,46,.8,1.96,,8
152,울산,2025-04-16 16:00,20.9,,2.5,51,.3,1.31,,8
152,울산,2025-04-16 17:00,19.3,,1.6,56,.7,1.11,,8
152,울산,2025-04-16 18:00,18.3,,1.8,59,.7,.62,,8
152,울산,2025-04-16 19:00,16.7,,.2,64,.1,.16,,8
152,울산,2025-04-16 20:00,18.7,,3.9,46,,,,10
152,울산,2025-04-16 21:00,18.8,,3.3,39,,,,9
152,울산,2025-04-16 22:00,14.8,,2.3,68,,,,7
152,울산,2025-04-16 23:00,17.3,,4.5,48,,,,8
152,울산,2025-04-17 00:00,17.2,,4.5,55,,,,7
152,울산,2025-04-17 01:00,16.5,,4.2,60,,,,0
152,울산,2025-04-17 02:00,15.8,,5.2,61,,,,0
152,울산,2025-04-17 03:00,15,,3,64,,,,0
152,울산,2025-04-17 04:00,13.7,,.5,71,,,,0
152,울산,2025-04-17 05:00,13,,.6,82,,,,0
152,울산,2025-04-17 06:00,13.4,,.3,86,0,0,,5
152,울산,2025-04-17 07:00,15.9,,2.4,82,0,.17,,8
152,울산,2025-04-17 08:00,17.8,,3.7,74,.4,.72,,6
152,울산,2025-04-17 09:00,18.6,,3,73,0,.62,,7
152,울산,2025-04-17 10:00,19.1,,6.1,70,0,.81,,9
152,울산,2025-04-17 11:00,20.9,,5.2,65,.3,1.49,,7
152,울산,2025-04-17 12:00,21.7,,6.7,65,.8,2.96,,7
152,울산,2025-04-17 13:00,20.5,,6.5,68,.7,2.72,,7
152,울산,2025-04-17 14:00,20.7,,6.8,69,.3,1.84,,8
152,울산,2025-04-17 15:00,20.5,,8.4,69,.1,1.16,,8
152,울산,2025-04-17 16:00,20.3,,7,70,0,.87,,7
152,울산,2025-04-17 17:00,20.1,,8.4,70,0,.69,,8
152,울산,2025-04-17 18:00,19.8,,8.9,71,0,.35,,4
152,울산,2025-04-17 19:00,19.6,,7.6,71,0,.12,,0
152,울산,2025-04-17 20:00,19.4,,3.1,70,,,,4
152,울산,2025-04-17 21:00,19.3,,3.5,72,,,,6
152,울산,2025-04-17 22:00,19,,2.3,73,,,,7
152,울산,2025-04-17 23:00,18.7,,4.1,75,,,,7
152,울산,2025-04-18 00:00,18.7,,3.3,76,,,,8
152,울산,2025-04-18 01:00,19.1,,2.4,75,,,,9
152,울산,2025-04-18 02:00,18.8,,3,76,,,,8
152,울산,2025-04-18 03:00,18.8,,1.5,76,,,,7
152,울산,2025-04-18 04:00,17.8,,1,78,,,,0
152,울산,2025-04-18 05:00,16.8,,1.3,82,,,,0
152,울산,2025-04-18 06:00,16.9,,.7,82,0,0,,0
152,울산,2025-04-18 07:00,18.1,,1.4,79,.3,.25,,0
152,울산,2025-04-18 08:00,19.9,,3.8,70,1,.82,,0
152,울산,2025-04-18 09:00,21.7,,3.1,62,1,1.44,,0
152,울산,2025-04-18 10:00,23.4,,2.3,56,1,2.09,,0
152,울산,2025-04-18 11:00,24.8,,2.7,49,1,2.68,,0
152,울산,2025-04-18 12:00,25.5,,3.6,47,1,2.95,,0
152,울산,2025-04-18 13:00,25.7,,1.9,47,1,2.98,,0
152,울산,2025-04-18 14:00,25,,1.9,52,1,2.83,,1
152,울산,2025-04-18 15:00,27.6,,2.9,44,1,2.45,,0
152,울산,2025-04-18 16:00,25.7,,1.8,49,1,1.9,,0
152,울산,2025-04-18 17:00,25.9,,5,47,1,1.25,,0
152,울산,2025-04-18 18:00,24.6,,4.1,51,.6,.59,,0
152,울산,2025-04-18 19:00,23,,3.7,57,0,.14,,0
152,울산,2025-04-18 20:00,22.2,,2.1,61,,,,0
152,울산,2025-04-18 21:00,20.7,,1.8,67,,,,0
152,울산,2025-04-18 22:00,20,,2.3,68,,,,0
152,울산,2025-04-18 23:00,19.2,,1,70,,,,0
152,울산,2025-04-19 00:00,20,,2.1,65,,,,0
152,울산,2025-04-19 01:00,18.4,,.6,71,,,,8
152,울산,2025-04-19 02:00,16.8,,.6,79,,,,4
152,울산,2025-04-19 03:00,16.7,,.6,83,,,,9
152,울산,2025-04-19 04:00,18.8,,3.1,75,,,,8
152,울산,2025-04-19 05:00,19.5,,3.2,71,,,,4
152,울산,2025-04-19 06:00,19.2,,2.9,72,0,0,,5
152,울산,2025-04-19 07:00,18.9,,2.2,75,.1,.22,,0
152,울산,2025-04-19 08:00,20.8,,1.5,68,1,.93,,7
152,울산,2025-04-19 09:00,22.2,,2.6,61,1,1.7,,3
152,울산,2025-04-19 10:00,23.2,,4.3,53,1,2.41,,6
152,울산,2025-04-19 11:00,23.7,,6.9,48,1,2.81,,8
152,울산,2025-04-19 12:00,24.4,,5.1,48,1,3.04,,8
152,울산,2025-04-19 13:00,24,,8.3,49,1,3.28,,5
152,울산,2025-04-19 14:00,23.4,,8.4,51,1,3.06,,7
152,울산,2025-04-19 15:00,22.9,,7.8,54,.6,1.92,,7
152,울산,2025-04-19 16:00,22.9,,5.8,54,.9,1.92,,8
152,울산,2025-04-19 17:00,21.8,,4.9,59,.5,1.09,,8
152,울산,2025-04-19 18:00,20.9,,7.1,63,0,.37,,8
152,울산,2025-04-19 19:00,20.7,,4.6,64,0,.08,,8
152,울산,2025-04-19 20:00,20.3,,3.9,67,,,,9
152,울산,2025-04-19 21:00,20.1,,5.4,71,,,,9
152,울산,2025-04-19 22:00,20.2,,5.1,71,,,,9
152,울산,2025-04-19 23:00,19.9,,3,70,,,,8
152,울산,2025-04-20 00:00,19.9,,2.4,70,,,,9
152,울산,2025-04-20 01:00,19.6,0,3.1,72,,,,8
152,울산,2025-04-20 02:00,18.9,,1.3,75,,,,8
152,울산,2025-04-20 03:00,18.2,,1.2,72,,,,8
152,울산,2025-04-20 04:00,16.1,,1.3,77,,,,8
152,울산,2025-04-20 05:00,14.7,,1.1,80,,,,9
152,울산,2025-04-20 06:00,13.2,,2.2,84,0,0,,10
152,울산,2025-04-20 07:00,12.3,,1.6,88,0,.04,,10
152,울산,2025-04-20 08:00,12.2,0,1.7,88,0,.13,,9
152,울산,2025-04-20 09:00,12.2,,2.6,86,0,.23,,9
152,울산,2025-04-20 10:00,13.1,,1.6,82,0,.38,,9
152,울산,2025-04-20 11:00,14,0,2.3,77,0,.82,,9
152,울산,2025-04-20 12:00,13.6,,2.3,79,0,.53,,9
152,울산,2025-04-20 13:00,13.2,,2.2,79,0,.53,,9
152,울산,2025-04-20 14:00,13.7,,1.7,78,0,.72,,9
152,울산,2025-04-20 15:00,14,,1.8,78,0,.78,,9
152,울산,2025-04-20 16:00,14.1,,1.7,75,0,.68,,9
152,울산,2025-04-20 17:00,13.5,,2.6,74,0,.51,,9
152,울산,2025-04-20 18:00,13,,1.9,76,0,.3,,9
152,울산,2025-04-20 19:00,12.6,,1.1,77,0,.07,,10
152,울산,2025-04-20 20:00,12.2,,1.6,78,0,0,,10
152,울산,2025-04-20 21:00,12.3,,.9,77,,,,9
152,울산,2025-04-20 22:00,12.3,,.8,79,,,,10
152,울산,2025-04-20 23:00,12.2,,.4,80,,,,10
152,울산,2025-04-21 00:00,11.9,,.5,81,,,,9
152,울산,2025-04-21 01:00,11.5,,1,83,,,,10
152,울산,2025-04-21 02:00,11.8,,.5,82,,,,9
152,울산,2025-04-21 03:00,11.7,,.9,84,,,,9
152,울산,2025-04-21 04:00,10.7,,.7,86,,,,9
152,울산,2025-04-21 05:00,10.3,,1.5,91,,,,9
152,울산,2025-04-21 06:00,10,,1,91,0,0,,9
152,울산,2025-04-21 07:00,11.5,,1.8,84,.1,.28,,9
152,울산,2025-04-21 08:00,12.8,,1.3,76,0,.56,,9
152,울산,2025-04-21 09:00,14.5,,1.2,66,0,1.03,,9
152,울산,2025-04-21 10:00,16.8,,2,56,.1,1.78,,8
152,울산,2025-04-21 11:00,18.2,,1.9,52,.9,2.9,,2
152,울산,2025-04-21 12:00,19.9,,2.3,39,1,3.31,,0
152,울산,2025-04-21 13:00,20.8,,3.1,26,1,3.41,,0
152,울산,2025-04-21 14:00,20.7,,2.7,32,1,3.26,,0
152,울산,2025-04-21 15:00,20.9,,2.4,32,1,2.88,,0
152,울산,2025-04-21 16:00,20.5,,2.9,36,1,2.3,,0
152,울산,2025-04-21 17:00,18.8,,2.7,41,1,1.6,,0
152,울산,2025-04-21 18:00,18.6,,.7,42,1,.82,,0
152,울산,2025-04-21 19:00,16.1,,1.3,55,.4,.17,,6
152,울산,2025-04-21 20:00,13.7,,.8,68,0,0,,1
152,울산,2025-04-21 21:00,12.8,,.2,76,,,,2
152,울산,2025-04-21 22:00,12.1,,.4,80,,,,2
152,울산,2025-04-21 23:00,11.7,,.2,88,,,,8
152,울산,2025-04-22 00:00,12,,1.2,89,,,,6
152,울산,2025-04-22 01:00,11.5,,1.1,90,,,,6
152,울산,2025-04-22 02:00,11.6,,1.3,91,,,,8
152,울산,2025-04-22 03:00,11.5,,.2,90,,,,9
152,울산,2025-04-22 04:00,11.7,,.3,90,,,,9
152,울산,2025-04-22 05:00,12,,.5,85,,,,9
152,울산,2025-04-22 06:00,12.5,,.5,82,0,0,,10
152,울산,2025-04-22 07:00,12.8,,.7,83,0,.07,,10
152,울산,2025-04-22 08:00,13.9,0,.3,80,0,.16,,10
152,울산,2025-04-22 09:00,14.4,.2,.7,85,0,.25,,10
152,울산,2025-04-22 10:00,15,1.1,.5,90,0,.42,,10
152,울산,2025-04-22 11:00,16.1,.3,1.3,91,0,.57,,10
152,울산,2025-04-22 12:00,17,.2,3.3,94,0,.34,,10
152,울산,2025-04-22 13:00,17,1,3.9,94,0,.4,,10
152,울산,2025-04-22 14:00,16.7,1.5,1.6,95,0,.39,,10
152,울산,2025-04-22 15:00,16.3,.5,2.8,96,0,.37,,10
152,울산,2025-04-22 16:00,16.2,1.9,2.4,97,0,.23,,10
152,울산,2025-04-22 17:00,15.7,1.6,2.9,96,0,.19,,10
152,울산,2025-04-22 18:00,15.5,1.2,1.9,97,0,.05,,10
152,울산,2025-04-22 19:00,15.5,1.4,.6,97,0,.01,,10
152,울산,2025-04-22 20:00,15.5,1.8,1,97,0,0,,10
152,울산,2025-04-22 21:00,15.6,.2,.4,97,,,,10
152,울산,2025-04-22 22:00,15.6,.1,1.1,97,,,,10
152,울산,2025-04-22 23:00,15.6,,2.6,96,,,,9
152,울산,2025-04-23 00:00,14,,2.9,90,,,,10
152,울산,2025-04-23 01:00,13.7,,2.6,89,,,,9
152,울산,2025-04-23 02:00,13.6,,2.7,86,,,,10
152,울산,2025-04-23 03:00,12.9,,2.5,83,,,,6
152,울산,2025-04-23 04:00,12.2,,2.7,81,,,,6
152,울산,2025-04-23 05:00,11.6,,2.8,80,,,,3
152,울산,2025-04-23 06:00,10.7,,2.7,82,0,0,,3
152,울산,2025-04-23 07:00,11,,2.9,80,.1,.19,,3
152,울산,2025-04-23 08:00,12.4,,3.3,74,.7,1.01,,8
152,울산,2025-04-23 09:00,13.1,,3.7,66,.6,1.46,,6
152,울산,2025-04-23 10:00,14.2,,3.4,65,.9,2.01,,8
152,울산,2025-04-23 11:00,14.5,,3.3,64,.8,2.63,,9
152,울산,2025-04-23 12:00,14.6,,2.9,62,.9,3.14,,8
152,울산,2025-04-23 13:00,15.7,,4.5,58,1,3.54,,6
152,울산,2025-04-23 14:00,15.8,,3.5,57,.9,2.81,,7
152,울산,2025-04-23 15:00,17,,2.3,59,1,2.86,,6
152,울산,2025-04-23 16:00,13.7,,3.1,68,.6,1.65,,9
152,울산,2025-04-23 17:00,12.4,,2.1,74,.1,.95,,8
152,울산,2025-04-23 18:00,11.8,,2.5,77,.4,.66,,7
152,울산,2025-04-23 19:00,10.8,,1.9,82,.4,.25,,2
152,울산,2025-04-23 20:00,9.9,,1.5,86,0,0,,1
152,울산,2025-04-23 21:00,9.6,,.8,87,,,,5
152,울산,2025-04-23 22:00,9.9,,.9,86,,,,10
152,울산,2025-04-23 23:00,10.1,,.8,85,,,,10
152,울산,2025-04-24 00:00,10.4,,.4,84,,,,9
152,울산,2025-04-24 01:00,10.6,,1.1,83,,,,10
152,울산,2025-04-24 02:00,10.6,,1.1,85,,,,10
152,울산,2025-04-24 03:00,10.8,,1.5,86,,,,9
152,울산,2025-04-24 04:00,11,,2.4,84,,,,10
152,울산,2025-04-24 05:00,10.9,,1.9,86,,,,6
152,울산,2025-04-24 06:00,10.3,,1.1,91,0,.01,,4
152,울산,2025-04-24 07:00,11.3,,1.1,91,.4,.34,,4
152,울산,2025-04-24 08:00,14.6,,.8,80,1,1.1,,0
152,울산,2025-04-24 09:00,16.2,,1,69,1,1.93,,3
152,울산,2025-04-24 10:00,18.9,,1.6,59,1,2.59,,6
152,울산,2025-04-24 11:00,19.9,,2.6,56,1,3.06,,7
152,울산,2025-04-24 12:00,21.5,,2.1,54,1,3.25,,7
152,울산,2025-04-24 13:00,22.8,,2.2,45,1,3.24,,5
152,울산,2025-04-24 14:00,22.4,,2.4,51,1,3.2,,4
152,울산,2025-04-24 15:00,22.2,,2.3,52,1,2.7,,4
152,울산,2025-04-24 16:00,22.4,,2.5,49,1,2.2,,6
152,울산,2025-04-24 17:00,19.9,,1.4,58,1,1.48,,7
152,울산,2025-04-24 18:00,20.3,,.3,60,.8,.62,,8
152,울산,2025-04-24 19:00,20.3,,2.1,59,0,.13,,8
152,울산,2025-04-24 20:00,20.8,,4.4,53,0,0,,7
152,울산,2025-04-24 21:00,19.1,,2.6,59,,,,9
152,울산,2025-04-24 22:00,19.9,,3.3,38,,,,10
152,울산,2025-04-24 23:00,18.7,,3.6,33,,,,9
152,울산,2025-04-25 00:00,17.3,,4.5,26,,,,9
152,울산,2025-04-25 01:00,15.6,,5.5,24,,,,9
152,울산,2025-04-25 02:00,14.1,,4.1,28,,,,10
152,울산,2025-04-25 03:00,12.8,,1.4,22,,,,9
152,울산,2025-04-25 04:00,12.7,,4,24,,,,8
152,울산,2025-04-25 05:00,12.3,,3.2,25,,,,7
152,울산,2025-04-25 06:00,10.7,,1.6,32,0,.01,,7
152,울산,2025-04-25 07:00,11.5,,.7,34,.6,.38,,8
152,울산,2025-04-25 08:00,12.8,,2.3,28,.5,.87,,7
152,울산,2025-04-25 09:00,14.2,,3.3,22,1,1.8,,7
152,울산,2025-04-25 10:00,15.5,,2.8,16,1,2.51,,7
152,울산,2025-04-25 11:00,16.8,,2.3,17,1,2.76,,8
152,울산,2025-04-25 12:00,17.3,,3.3,16,1,2.83,,7
152,울산,2025-04-25 13:00,18.1,,3,15,1,3.31,,5
152,울산,2025-04-25 14:00,18.8,,3.8,15,1,3.37,,5
152,울산,2025-04-25 15:00,19.8,,2.4,15,1,2.89,,5
152,울산,2025-04-25 16:00,18.8,,2.3,22,1,2.36,,2
152,울산,2025-04-25 17:00,19.8,,2.2,15,1,1.65,,0
152,울산,2025-04-25 18:00,18.9,,2.7,16,1,.89,,0
152,울산,2025-04-25 19:00,16.9,,2.3,20,.5,.2,,0
152,울산,2025-04-25 20:00,15.9,,2.9,19,0,0,,0
152,울산,2025-04-25 21:00,15.4,,2.4,16,,,,0
152,울산,2025-04-25 22:00,13.9,,1.7,17,,,,0
152,울산,2025-04-25 23:00,11.9,,1.2,20,,,,0
152,울산,2025-04-26 00:00,10.5,,.7,23,,,,0
152,울산,2025-04-26 01:00,10.7,,1.1,22,,,,0
152,울산,2025-04-26 02:00,11.1,,2.5,22,,,,0
152,울산,2025-04-26 03:00,10.5,,1.8,23,,,,0
152,울산,2025-04-26 04:00,11.1,,3,20,,,,0
152,울산,2025-04-26 05:00,9.5,,2.6,23,,,,0
152,울산,2025-04-26 06:00,8.8,,.8,27,.1,.01,,0
152,울산,2025-04-26 07:00,10.8,,1.3,26,1,.44,,0
152,울산,2025-04-26 08:00,13.3,,1.9,20,1,1.22,,0
152,울산,2025-04-26 09:00,15.8,,1.5,18,1,1.99,,0
152,울산,2025-04-26 10:00,17.5,,2.1,17,1,2.66,,0
152,울산,2025-04-26 11:00,19.2,,2.5,14,1,3.17,,0
152,울산,2025-04-26 12:00,21.1,,3.1,16,1,3.46,,0
152,울산,2025-04-26 13:00,20.9,,2.7,23,1,3.5,,0
152,울산,2025-04-26 14:00,19.9,,2.5,34,1,3.34,,0
152,울산,2025-04-26 15:00,19,,3,38,1,2.93,,0
152,울산,2025-04-26 16:00,21.1,,1.4,29,1,2.39,,0
152,울산,2025-04-26 17:00,21.3,,1,32,1,1.64,,0
152,울산,2025-04-26 18:00,21.4,,4.2,21,1,.89,,0
152,울산,2025-04-26 19:00,19.3,,5.3,23,.5,.21,,0
152,울산,2025-04-26 20:00,17.9,,4.1,27,0,0,,0
152,울산,2025-04-26 21:00,16.1,,1.2,34,,,,0
152,울산,2025-04-26 22:00,16,,2.6,36,,,,0
152,울산,2025-04-26 23:00,16.2,,3.4,36,,,,0
152,울산,2025-04-27 00:00,15,,2.4,39,,,,8
152,울산,2025-04-27 01:00,14.7,,2.1,38,,,,8
152,울산,2025-04-27 02:00,15.4,,2,30,,,,9
152,울산,2025-04-27 03:00,15.4,,2.6,27,,,,8
152,울산,2025-04-27 04:00,13.5,,.7,35,,,,7
152,울산,2025-04-27 05:00,12.2,,.2,36,,,,6
152,울산,2025-04-27 06:00,11.7,,.9,39,0,.03,,6
152,울산,2025-04-27 07:00,14.1,,.4,46,.9,.47,,8
152,울산,2025-04-27 08:00,16.3,,1.6,29,.4,.81,,7
152,울산,2025-04-27 09:00,19.4,,2,31,1,1.84,,7
152,울산,2025-04-27 10:00,21.3,,1,25,1,2.44,,7
152,울산,2025-04-27 11:00,23.8,,1.9,23,1,2.8,,8
152,울산,2025-04-27 12:00,25.6,,2.5,17,1,3.37,,6
152,울산,2025-04-27 13:00,26.8,,2.5,19,1,3.41,,6
152,울산,2025-04-27 14:00,26.4,,1.7,21,1,3.1,,7
152,울산,2025-04-27 15:00,27.8,,1.8,16,1,2.45,,8
152,울산,2025-04-27 16:00,25.9,,4.2,17,.7,1.79,,9
152,울산,2025-04-27 17:00,24.4,,4.5,22,.2,1.07,,9
152,울산,2025-04-27 18:00,22.4,,1.2,31,0,.42,,9
152,울산,2025-04-27 19:00,20.2,,.7,36,0,.06,,10
152,울산,2025-04-27 20:00,20,,1.8,32,0,0,,10
152,울산,2025-04-27 21:00,20.3,,2.9,22,,,,7
152,울산,2025-04-27 22:00,20,,2.8,20,,,,9
152,울산,2025-04-27 23:00,18.6,,2.4,26,,,,0
152,울산,2025-04-28 00:00,17.2,,1.5,31,,,,7
152,울산,2025-04-28 01:00,16.9,,2.9,35,,,,8
152,울산,2025-04-28 02:00,16.5,,1.7,44,,,,9
152,울산,2025-04-28 03:00,16.9,,2.4,50,,,,9
152,울산,2025-04-28 04:00,15.8,,1.7,55,,,,9
152,울산,2025-04-28 05:00,15,,2,59,,,,9
152,울산,2025-04-28 06:00,14.4,,1.6,54,0,.01,,9
152,울산,2025-04-28 07:00,14.8,,.5,53,0,.24,,9
152,울산,2025-04-28 08:00,16.3,,1,50,0,.68,,9
152,울산,2025-04-28 09:00,17.2,,1.3,50,.3,1.11,,7
152,울산,2025-04-28 10:00,19.7,,.9,39,.9,2.21,,5
152,울산,2025-04-28 11:00,20.5,,2.4,34,1,3.01,,3
152,울산,2025-04-28 12:00,22,,2.3,42,1,3.38,,2
152,울산,2025-04-28 13:00,21.6,,2.3,41,1,3.47,,2
152,울산,2025-04-28 14:00,21,,2.4,43,.8,2.76,,2
152,울산,2025-04-28 15:00,23.3,,2.6,22,1,2.82,,2
152,울산,2025-04-28 16:00,23.8,,3,23,1,2.39,,2
152,울산,2025-04-28 17:00,23.3,,3.4,20,.9,1.44,,2
152,울산,2025-04-28 18:00,21.9,,2.9,20,1,.84,,0
152,울산,2025-04-28 19:00,20.3,,2.4,21,.5,.17,,0
152,울산,2025-04-28 20:00,19,,3.8,18,0,0,,0
152,울산,2025-04-28 21:00,15,,2.9,33,,,,0
152,울산,2025-04-28 22:00,13.9,,3.3,30,,,,0
152,울산,2025-04-28 23:00,12.6,,2.6,46,,,,0
152,울산,2025-04-29 00:00,10.8,,2.9,65,,,,0
152,울산,2025-04-29 01:00,10.3,,2.6,60,,,,0
152,울산,2025-04-29 02:00,8.8,,1.5,66,,,,0
152,울산,2025-04-29 03:00,8.5,,1.4,65,,,,0
152,울산,2025-04-29 04:00,7.5,,.7,69,,,,0
152,울산,2025-04-29 05:00,7.7,,1.9,65,,,,0
152,울산,2025-04-29 06:00,7.3,,1.1,71,0,.01,,0
152,울산,2025-04-29 07:00,9.1,,1.6,63,1,.45,,0
152,울산,2025-04-29 08:00,12.2,,1,50,1,1.21,,0
152,울산,2025-04-29 09:00,14.7,,1.2,39,1,1.98,,0
152,울산,2025-04-29 10:00,15.1,,1.8,33,1,2.66,,0
152,울산,2025-04-29 11:00,16.8,,3,33,1,3.14,,0
152,울산,2025-04-29 12:00,17,,2.8,36,1,3.42,,0
152,울산,2025-04-29 13:00,16.8,,3.6,43,1,3.5,,0
152,울산,2025-04-29 14:00,16.7,,3,46,1,3.32,,0
152,울산,2025-04-29 15:00,16.2,,3.4,53,1,2.91,,0
152,울산,2025-04-29 16:00,15.8,,3.3,51,1,2.34,,0
152,울산,2025-04-29 17:00,16.1,,2.9,48,1,1.66,,0
152,울산,2025-04-29 18:00,15.7,,1.6,53,1,.87,,0
152,울산,2025-04-29 19:00,14.1,,1.6,62,.5,.2,,0
152,울산,2025-04-29 20:00,13.9,,2.9,62,0,0,,0
152,울산,2025-04-29 21:00,12.9,,.7,64,,,,0
152,울산,2025-04-29 22:00,11.6,,1.1,77,,,,0
152,울산,2025-04-29 23:00,12,,1,73,,,,0
152,울산,2025-04-30 00:00,10.8,,.3,80,,,,0
152,울산,2025-04-30 01:00,11.4,,1.2,76,,,,0
152,울산,2025-04-30 02:00,10.3,,.2,80,,,,0
152,울산,2025-04-30 03:00,10.1,,1.3,82,,,,0
152,울산,2025-04-30 04:00,9.3,,.6,83,,,,0
152,울산,2025-04-30 05:00,10,,1,81,,,,0
152,울산,2025-04-30 06:00,9.5,,1.7,82,0,.02,,0
152,울산,2025-04-30 07:00,12,,.9,74,1,.45,,0
152,울산,2025-04-30 08:00,15.1,,.6,67,1,1.18,,0
152,울산,2025-04-30 09:00,18.4,,1.1,54,1,1.95,,0
152,울산,2025-04-30 10:00,21.4,,1.4,40,1,2.27,,0
152,울산,2025-04-30 11:00,23.3,,1.9,38,1,3.16,,0
152,울산,2025-04-30 12:00,24.1,,1.9,36,1,3.37,,0
152,울산,2025-04-30 13:00,22.5,,1.9,42,1,3.43,,0
152,울산,2025-04-30 14:00,23.8,,2.2,38,1,3.25,,0
152,울산,2025-04-30 15:00,24.5,,2.2,38,1,2.85,,0
152,울산,2025-04-30 16:00,23.7,,1.8,40,1,2.29,,0
152,울산,2025-04-30 17:00,22.9,,1.4,39,1,1.59,,0
152,울산,2025-04-30 18:00,21.6,,1.5,38,1,.86,,0
152,울산,2025-04-30 19:00,19,,.6,44,.5,.19,,0
152,울산,2025-04-30 20:00,16.8,,.5,52,0,0,,0
152,울산,2025-04-30 21:00,15.8,,.6,53,,,,0
152,울산,2025-04-30 22:00,15.1,,.3,47,,,,0
152,울산,2025-04-30 23:00,14.1,,.3,44,,,,0
152,울산,2025-05-01 00:00,13.9,,.4,45,,,,0
152,울산,2025-05-01 01:00,13.3,,.8,45,,,,0
152,울산,2025-05-01 02:00,13,,.9,51,,,,0
152,울산,2025-05-01 03:00,15.7,,3.4,65,,,,0
152,울산,2025-05-01 04:00,15.6,,3.3,72,,,,0
152,울산,2025-05-01 05:00,15.1,,2.6,75,,,,0
152,울산,2025-05-01 06:00,14.3,,1.7,81,0,.02,,1
152,울산,2025-05-01 07:00,15.8,,1.9,80,.3,.28,,2
152,울산,2025-05-01 08:00,18.7,,4.3,69,.8,1.08,,4
152,울산,2025-05-01 09:00,19.8,,3.9,65,.8,1.74,,3
152,울산,2025-05-01 10:00,21.3,,4.5,61,.9,2.37,,7
152,울산,2025-05-01 11:00,21.3,,3.8,62,.7,2.14,,8
152,울산,2025-05-01 12:00,21.6,,6,61,.7,2.73,,7
152,울산,2025-05-01 13:00,21.2,,3.6,62,.5,2.16,,8
152,울산,2025-05-01 14:00,21.3,,5,62,.5,2.38,,6
152,울산,2025-05-01 15:00,21.4,,4.1,62,.2,1.45,,9
152,울산,2025-05-01 16:00,20.5,,5.1,66,0,.69,,10
152,울산,2025-05-01 17:00,17,4.2,3.5,90,0,.11,,10
152,울산,2025-05-01 18:00,15.9,4.9,6.2,87,0,.05,,10
152,울산,2025-05-01 19:00,14.1,2.3,2.9,91,0,.02,,10
152,울산,2025-05-01 20:00,14.3,1,2.1,95,0,0,,10
152,울산,2025-05-01 21:00,14.3,,.4,94,,,,10
152,울산,2025-05-01 22:00,14.3,.1,1,95,,,,10
152,울산,2025-05-01 23:00,14.2,.1,3,93,,,,10
152,울산,2025-05-02 00:00,14.1,,2.9,94,,,,10
152,울산,2025-05-02 01:00,13.9,,1.7,93,,,,7
152,울산,2025-05-02 02:00,12.8,,.4,93,,,,0
152,울산,2025-05-02 03:00,12.8,,1.9,87,,,,2
152,울산,2025-05-02 04:00,11.7,,1.9,80,,,,0
152,울산,2025-05-02 05:00,10.5,,2.7,68,,,,0
152,울산,2025-05-02 06:00,10.4,,2.5,59,.1,.02,,0
152,울산,2025-05-02 07:00,11.6,,4.2,54,1,.59,,0
152,울산,2025-05-02 08:00,12.7,,4.9,51,1,1.37,,0
152,울산,2025-05-02 09:00,13.6,,7.7,48,1,1.91,,3
152,울산,2025-05-02 10:00,15.5,,4.7,43,1,2.87,,0
152,울산,2025-05-02 11:00,17,,4.3,34,1,3.36,,0
152,울산,2025-05-02 12:00,18.2,,3.7,28,1,3.66,,5
152,울산,2025-05-02 13:00,19.2,,5.3,24,1,3.56,,2
152,울산,2025-05-02 14:00,20.3,,3.7,23,1,3.45,,1
152,울산,2025-05-02 15:00,20.4,,4.3,23,1,2.97,,0
152,울산,2025-05-02 16:00,20.6,,2.8,22,1,2.36,,2
152,울산,2025-05-02 17:00,19.7,,3.9,22,.8,1.36,,6
152,울산,2025-05-02 18:00,18.7,,2.8,27,.1,.41,,7
152,울산,2025-05-02 19:00,15.2,,2.7,50,.2,.2,,7
152,울산,2025-05-02 20:00,13.5,,1.5,60,0,.01,,6
152,울산,2025-05-02 21:00,13.6,,.8,61,,,,9
152,울산,2025-05-02 22:00,13.5,,1.2,66,,,,10
152,울산,2025-05-02 23:00,13.3,,1.5,64,,,,10
152,울산,2025-05-03 00:00,13,,1.4,65,,,,9
152,울산,2025-05-03 01:00,12.9,,1.5,66,,,,10
152,울산,2025-05-03 02:00,12.3,,1.8,70,,,,9
152,울산,2025-05-03 03:00,12.4,,1.4,68,,,,8
152,울산,2025-05-03 04:00,12.4,,1.8,71,,,,10
152,울산,2025-05-03 05:00,12.1,,1.2,72,,,,10
152,울산,2025-05-03 06:00,11.8,0,.6,73,0,0,,10
152,울산,2025-05-03 07:00,11.9,0,.7,67,0,.04,,10
152,울산,2025-05-03 08:00,11.9,0,.5,76,0,.15,,10
152,울산,2025-05-03 09:00,11.4,.3,1.9,78,0,.21,,10
152,울산,2025-05-03 10:00,11.4,.2,2.1,80,0,.38,,10
152,울산,2025-05-03 11:00,12.5,0,2.3,79,0,.71,,10
152,울산,2025-05-03 12:00,10.7,0,3,88,0,.25,,10
152,울산,2025-05-03 13:00,10.4,2.8,1.1,94,0,.4,,10
152,울산,2025-05-03 14:00,9.7,3.5,2.8,94,0,.17,,10
152,울산,2025-05-03 15:00,9.6,2.2,2.7,95,0,.13,,10
152,울산,2025-05-03 16:00,10.5,.5,1.9,94,0,.33,,10
152,울산,2025-05-03 17:00,11.6,,.8,90,0,.55,,8
152,울산,2025-05-03 18:00,12.3,,3.6,77,.9,.84,,2
152,울산,2025-05-03 19:00,11.6,,3,75,.2,.14,,1
152,울산,2025-05-03 20:00,11.8,,3.3,70,0,0,,5
152,울산,2025-05-03 21:00,11.7,,3,67,,,,7
152,울산,2025-05-03 22:00,11.7,,3.6,67,,,,2
152,울산,2025-05-03 23:00,11.9,,3.6,64,,,,6
152,울산,2025-05-04 00:00,11.1,,3.2,68,,,,9
152,울산,2025-05-04 01:00,11.3,,3.6,65,,,,4
152,울산,2025-05-04 02:00,10.9,,2.9,64,,,,7
152,울산,2025-05-04 03:00,10.3,,2.1,64,,,,7
152,울산,2025-05-04 04:00,9.9,,2.1,63,,,,7
152,울산,2025-05-04 05:00,10.5,,2.8,57,,,,1
152,울산,2025-05-04 06:00,9.4,,3.8,69,.1,.03,,0
152,울산,2025-05-04 07:00,10.3,,2.2,66,1,.62,,0
152,울산,2025-05-04 08:00,12.9,,2,59,1,1.41,,4
152,울산,2025-05-04 09:00,14.6,,2.2,51,1,2.09,,4
152,울산,2025-05-04 10:00,16.7,,4.3,35,1,2.87,,0
152,울산,2025-05-04 11:00,18.6,,3.3,26,1,3.39,,2
152,울산,2025-05-04 12:00,19.2,,4.1,23,1,3.46,,6
152,울산,2025-05-04 13:00,19.9,,3.1,25,1,3.61,,0
152,울산,2025-05-04 14:00,20.7,,4.6,22,1,3.39,,0
152,울산,2025-05-04 15:00,21.6,,2.7,20,1,2.93,,0
152,울산,2025-05-04 16:00,20.6,,2.2,27,1,2.3,,0
152,울산,2025-05-04 17:00,20.2,,1.9,35,1,1.57,,1
152,울산,2025-05-04 18:00,20.2,,1.3,34,1,.83,,0
152,울산,2025-05-04 19:00,17.2,,1.2,45,.6,.21,,0
152,울산,2025-05-04 20:00,16.4,,2.1,46,0,0,,0
152,울산,2025-05-04 21:00,16.1,,2.7,42,,,,0
152,울산,2025-05-04 22:00,15.5,,2.5,40,,,,0
152,울산,2025-05-04 23:00,15.3,,3.2,38,,,,0
152,울산,2025-05-05 00:00,14.6,,3.6,32,,,,0
152,울산,2025-05-05 01:00,13.7,,3.1,37,,,,0
152,울산,2025-05-05 02:00,10.9,,2.2,46,,,,5
152,울산,2025-05-05 03:00,11.4,,2.6,37,,,,3
152,울산,2025-05-05 04:00,9.9,,1.9,43,,,,0
152,울산,2025-05-05 05:00,11.9,,1.7,32,,,,0
152,울산,2025-05-05 06:00,8.4,,1.1,60,0,.02,,0
152,울산,2025-05-05 07:00,10.4,,1.5,56,.9,.55,,0
152,울산,2025-05-05 08:00,14.4,,1.8,47,1,1.37,,0
152,울산,2025-05-05 09:00,16.6,,2.9,27,1,2.16,,3
152,울산,2025-05-05 10:00,18.1,,2.7,25,1,2.72,,6
152,울산,2025-05-05 11:00,17.5,,3.4,31,.6,2.4,,8
152,울산,2025-05-05 12:00,18.6,,2.2,30,.7,2.8,,9
152,울산,2025-05-05 13:00,16.8,,2.6,33,0,1.08,,10
152,울산,2025-05-05 14:00,16.4,,.8,44,0,.84,,10
152,울산,2025-05-05 15:00,16.5,0,1.3,48,0,1.02,,10
152,울산,2025-05-05 16:00,15.8,,2.2,52,0,.73,,10
152,울산,2025-05-05 17:00,14.6,,1.2,57,0,.36,,10
152,울산,2025-05-05 18:00,13.9,0,.8,62,0,.15,,10
152,울산,2025-05-05 19:00,12.8,0,1.6,76,0,.05,,10
152,울산,2025-05-05 20:00,12.7,0,1.7,82,0,0,,10
152,울산,2025-05-05 21:00,12.9,0,.5,87,,,,10
152,울산,2025-05-05 22:00,12.2,.2,2.3,90,,,,10
152,울산,2025-05-05 23:00,11,.4,2.8,90,,,,10
152,울산,2025-05-06 00:00,10.4,.2,2.1,87,,,,10
152,울산,2025-05-06 01:00,10.1,0,1.9,86,,,,10
152,울산,2025-05-06 02:00,10.2,,1.8,89,,,,9
152,울산,2025-05-06 03:00,10.4,,2.5,90,,,,9
152,울산,2025-05-06 04:00,10.3,,1.3,90,,,,8
152,울산,2025-05-06 05:00,10.7,,1,87,,,,7
152,울산,2025-05-06 06:00,11,,2.2,83,0,.01,,9
152,울산,2025-05-06 07:00,11.6,,1.9,82,0,.13,,9
152,울산,2025-05-06 08:00,12.4,,2.1,81,0,.36,,9
152,울산,2025-05-06 09:00,13.3,,2.9,76,0,.77,,9
152,울산,2025-05-06 10:00,14.2,,2.7,73,0,1.15,,9
152,울산,2025-05-06 11:00,14.3,,2.3,73,0,.67,,9
152,울산,2025-05-06 12:00,14.1,0,3.2,72,0,.67,,10
152,울산,2025-05-06 13:00,14.3,,3.3,72,0,.66,,10
152,울산,2025-05-06 14:00,14.7,,2,69,0,.75,,10
152,울산,2025-05-06 15:00,14.8,,2.6,70,0,.6,,10
152,울산,2025-05-06 16:00,14,0,2.6,77,0,.52,,10
152,울산,2025-05-06 17:00,11.5,2.4,2.8,87,0,.12,,10
152,울산,2025-05-06 18:00,10.6,5.1,1.9,91,0,.09,,10
152,울산,2025-05-06 19:00,10.5,2,1.4,93,0,.04,,10
152,울산,2025-05-06 20:00,10.5,,.4,93,0,0,,9
152,울산,2025-05-06 21:00,10.6,,.5,93,,,,8
152,울산,2025-05-06 22:00,10.1,,.5,93,,,,0
152,울산,2025-05-06 23:00,9.5,,1.1,95,,,,0
152,울산,2025-05-07 00:00,9.5,,2.1,94,,,,0
152,울산,2025-05-07 01:00,8.8,,1.3,95,,,,0
152,울산,2025-05-07 02:00,8.5,,1.8,94,,,,0
152,울산,2025-05-07 03:00,7.9,,1.6,96,,,,0
152,울산,2025-05-07 04:00,7.3,,1,96,,,,0
152,울산,2025-05-07 05:00,7.1,,1.1,96,,,,0
152,울산,2025-05-07 06:00,7,,.6,96,.1,.04,,0
152,울산,2025-05-07 07:00,8.9,,1.6,95,1,.55,,0
152,울산,2025-05-07 08:00,10.6,,1.6,91,1,1.34,,0
152,울산,2025-05-07 09:00,14,,1.2,75,1,2.19,,0
152,울산,2025-05-07 10:00,16.1,,1.9,54,1,2.82,,0
152,울산,2025-05-07 11:00,18.4,,1.4,55,1,3.3,,0
152,울산,2025-05-07 12:00,19.8,,2.4,50,1,3.59,,2
152,울산,2025-05-07 13:00,19,,2.3,48,1,3.52,,2
152,울산,2025-05-07 14:00,18.9,,2.4,48,1,3.31,,1
152,울산,2025-05-07 15:00,17.9,,3,45,1,2.83,,4
152,울산,2025-05-07 16:00,17.2,,2,55,.7,1.9,,6
152,울산,2025-05-07 17:00,16.8,,2.4,60,1,1.49,,3
152,울산,2025-05-07 18:00,16.4,,1.9,62,1,.75,,4
152,울산,2025-05-07 19:00,15.6,,2.2,61,0,.13,,7
152,울산,2025-05-07 20:00,14.7,,2.1,70,0,0,,0
152,울산,2025-05-07 21:00,13.6,,2.1,76,,,,0
152,울산,2025-05-07 22:00,12.9,,.5,82,,,,0
152,울산,2025-05-07 23:00,12.3,,.4,86,,,,6
152,울산,2025-05-08 00:00,11.9,,.2,88,,,,2
152,울산,2025-05-08 01:00,11.4,,1.2,91,,,,5
152,울산,2025-05-08 02:00,11.4,,1.6,91,,,,1
152,울산,2025-05-08 03:00,11.5,,1.9,90,,,,0
152,울산,2025-05-08 04:00,10.7,,.3,88,,,,1
152,울산,2025-05-08 05:00,10.5,,2,87,,,,3
152,울산,2025-05-08 06:00,10.2,,.5,89,0,.02,,0
152,울산,2025-05-08 07:00,11.6,,.6,85,.6,.44,,0
152,울산,2025-05-08 08:00,14.8,,.7,75,1,1.26,,0
152,울산,2025-05-08 09:00,17.9,,.9,63,1,2.02,,0
152,울산,2025-05-08 10:00,20,,1.7,52,1,2.72,,0
152,울산,2025-05-08 11:00,19.8,,2.8,56,1,3.16,,0
152,울산,2025-05-08 12:00,19.8,,2.4,58,1,3.46,,0
152,울산,2025-05-08 13:00,20.1,,2.2,53,1,3.48,,0
152,울산,2025-05-08 14:00,20.7,,1.7,44,1,3.09,,9
152,울산,2025-05-08 15:00,20.6,,1.9,39,1,2.56,,7
152,울산,2025-05-08 16:00,21.1,,2.1,35,1,2.3,,6
152,울산,2025-05-08 17:00,19.8,,1.2,36,.7,1.26,,9
152,울산,2025-05-08 18:00,18.9,,.8,36,0,.6,,7
152,울산,2025-05-08 19:00,17.3,,.9,42,0,.19,,7
152,울산,2025-05-08 20:00,15.9,,.7,46,0,0,,10
152,울산,2025-05-08 21:00,15.4,,1,56,,,,9
152,울산,2025-05-08 22:00,14.9,,.8,72,,,,10
152,울산,2025-05-08 23:00,14.3,,.1,75,,,,10
152,울산,2025-05-09 00:00,13.9,,.8,78,,,,9
152,울산,2025-05-09 01:00,14.3,,1.6,76,,,,10
152,울산,2025-05-09 02:00,14.2,,1.2,73,,,,10
152,울산,2025-05-09 03:00,14,,.8,72,,,,10
152,울산,2025-05-09 04:00,14,,.5,71,,,,10
152,울산,2025-05-09 05:00,13.8,,1,72,,,,10
152,울산,2025-05-09 06:00,13.3,.4,.4,84,0,0,,10
152,울산,2025-05-09 07:00,12.6,1.2,1.6,91,0,.05,,10
152,울산,2025-05-09 08:00,13.3,.1,1,93,0,.22,,10
152,울산,2025-05-09 09:00,14.5,.5,.5,94,0,.24,,10
152,울산,2025-05-09 10:00,15.3,.4,1.9,93,0,.29,,10
152,울산,2025-05-09 11:00,14.9,2.7,1.8,92,0,.12,,10
152,울산,2025-05-09 12:00,15,4.1,2.8,94,0,.18,,10
152,울산,2025-05-09 13:00,14.9,3.8,4.6,94,0,.22,,10
152,울산,2025-05-09 14:00,14.5,2.9,4.2,94,0,.25,,10
152,울산,2025-05-09 15:00,14.5,2.2,2.7,95,0,.17,,10
152,울산,2025-05-09 16:00,14.6,4.1,2.1,96,0,.14,,10
152,울산,2025-05-09 17:00,14.8,4.5,1.5,96,0,.14,,10
152,울산,2025-05-09 18:00,15.3,1.6,2,97,0,.07,,10
152,울산,2025-05-09 19:00,15.5,2.4,2.1,98,0,.01,,10
152,울산,2025-05-09 20:00,15.7,.8,.6,98,0,.01,,10
152,울산,2025-05-09 21:00,15.7,0,1.2,97,,,,10
152,울산,2025-05-09 22:00,15.7,,2.6,97,,,,10
152,울산,2025-05-09 23:00,15.9,,1.7,96,,,,10
152,울산,2025-05-10 00:00,17.4,,3.8,90,,,,10
152,울산,2025-05-10 01:00,17,,6.8,79,,,,10
152,울산,2025-05-10 02:00,16.5,,5.2,83,,,,10
152,울산,2025-05-10 03:00,16.4,,4.4,82,,,,10
152,울산,2025-05-10 04:00,15.8,,2.3,84,,,,6
152,울산,2025-05-10 05:00,15.7,,4.7,82,,,,6
152,울산,2025-05-10 06:00,16.3,,3.9,74,.1,.05,,4
152,울산,2025-05-10 07:00,17.5,,3.4,65,1,.67,,3
152,울산,2025-05-10 08:00,18.1,,4.7,63,1,1.42,,3
152,울산,2025-05-10 09:00,19,,3.9,60,1,2.31,,1
152,울산,2025-05-10 10:00,19.3,,4.8,55,1,2.95,,1
152,울산,2025-05-10 11:00,20.2,,4.9,51,1,3.23,,2
152,울산,2025-05-10 12:00,19.6,,5.6,54,.8,3.1,,6
152,울산,2025-05-10 13:00,19.4,,5.2,51,.5,2.41,,6
152,울산,2025-05-10 14:00,20.4,,3.3,47,.5,2.16,,6
152,울산,2025-05-10 15:00,19,,3.5,52,.1,1.08,,6
152,울산,2025-05-10 16:00,18.5,,5.2,51,.4,1.52,,5
152,울산,2025-05-10 17:00,19.2,,3.2,46,.8,1.42,,3
152,울산,2025-05-10 18:00,18.1,,3.3,47,.8,1.02,,4
152,울산,2025-05-10 19:00,16.9,,1.9,50,.1,.16,,6
152,울산,2025-05-10 20:00,16.3,,2.7,53,0,0,,10
152,울산,2025-05-10 21:00,15.9,,1.8,56,,,,8
152,울산,2025-05-10 22:00,15.6,,3.8,57,,,,10
152,울산,2025-05-10 23:00,15,,2.4,60,,,,0
152,울산,2025-05-11 00:00,14.1,,1.5,65,,,,0
152,울산,2025-05-11 01:00,13.6,,1.1,68,,,,0
152,울산,2025-05-11 02:00,13.2,,1.7,71,,,,4
152,울산,2025-05-11 03:00,12,,2.4,76,,,,8
152,울산,2025-05-11 04:00,12.1,,1.6,77,,,,8
152,울산,2025-05-11 05:00,12.7,,3,76,,,,9
152,울산,2025-05-11 06:00,12.7,,.6,76,0,.03,,9
152,울산,2025-05-11 07:00,13.5,,1,76,0,.31,,9
152,울산,2025-05-11 08:00,14.5,,.8,73,0,.57,,9
152,울산,2025-05-11 09:00,15.4,,1.3,70,0,.85,,9
152,울산,2025-05-11 10:00,16.2,,.8,66,0,1.01,,9
152,울산,2025-05-11 11:00,16.6,,2.2,64,0,.93,,9
152,울산,2025-05-11 12:00,18.5,,2.4,57,.3,1.67,,8
152,울산,2025-05-11 13:00,20.6,,2.5,52,.8,2.9,,7
152,울산,2025-05-11 14:00,19.4,,2.8,58,.6,2.34,,7
152,울산,2025-05-11 15:00,19.7,,2.1,54,.1,1.33,,8
152,울산,2025-05-11 16:00,18.5,,1.6,60,.1,1.2,,8
152,울산,2025-05-11 17:00,18.5,,1.3,60,.4,.99,,5
152,울산,2025-05-11 18:00,18.1,,2.4,63,.1,.41,,10
152,울산,2025-05-11 19:00,17.2,,3,54,.2,.15,,8
152,울산,2025-05-11 20:00,16.1,,2.2,56,0,.02,,4
152,울산,2025-05-11 21:00,14.3,,1.6,67,,,,0
152,울산,2025-05-11 22:00,13.9,,1.4,70,,,,4
152,울산,2025-05-11 23:00,14.4,,1.7,68,,,,4
152,울산,2025-05-12 00:00,12.9,,1.1,76,,,,0
152,울산,2025-05-12 01:00,13.5,,2.3,70,,,,0
152,울산,2025-05-12 02:00,13.8,,2.7,66,,,,0
152,울산,2025-05-12 03:00,11.4,,2.6,74,,,,0
152,울산,2025-05-12 04:00,12.6,,2.1,65,,,,0
152,울산,2025-05-12 05:00,12.7,,2,59,,,,0
152,울산,2025-05-12 06:00,12.3,,.8,62,.1,.04,,0
152,울산,2025-05-12 07:00,13.5,,1.9,58,1,.56,,0
152,울산,2025-05-12 08:00,16.6,,1.3,54,1,1.36,,0
152,울산,2025-05-12 09:00,19.4,,3,32,1,2.16,,0
152,울산,2025-05-12 10:00,21.2,,2.8,32,1,2.8,,0
152,울산,2025-05-12 11:00,22,,4.3,26,1,3.28,,0
152,울산,2025-05-12 12:00,23,,2.9,25,1,3.55,,0
152,울산,2025-05-12 13:00,23.7,,3.2,21,1,3.6,,0
152,울산,2025-05-12 14:00,24.3,,1.9,22,1,3.35,,1
152,울산,2025-05-12 15:00,24.9,,2.6,22,1,2.93,,1
152,울산,2025-05-12 16:00,25.1,,3,23,1,2.32,,1
152,울산,2025-05-12 17:00,24.5,,3,25,1,1.59,,0
152,울산,2025-05-12 18:00,22.6,,4.3,32,1,.86,,0
152,울산,2025-05-12 19:00,21.1,,4.3,33,.6,.25,,0
152,울산,2025-05-12 20:00,19.2,,1,41,0,.01,,0
152,울산,2025-05-12 21:00,17.9,,.2,42,,,,0
152,울산,2025-05-12 22:00,17.3,,3.1,46,,,,0
152,울산,2025-05-12 23:00,15.7,,1.2,54,,,,0
152,울산,2025-05-13 00:00,15.7,,1.7,56,,,,0
152,울산,2025-05-13 01:00,14.9,,.7,60,,,,0
152,울산,2025-05-13 02:00,14.1,,1.1,66,,,,0
152,울산,2025-05-13 03:00,12.6,,.5,71,,,,0
152,울산,2025-05-13 04:00,11.8,,1,76,,,,0
152,울산,2025-05-13 05:00,11.4,,.2,79,,,,0
152,울산,2025-05-13 06:00,12.1,,1.4,78,.1,.06,,0
152,울산,2025-05-13 07:00,13.8,,.7,76,1,.6,,0
152,울산,2025-05-13 08:00,17.7,,1,60,1,1.39,,6
152,울산,2025-05-13 09:00,20,,1,52,1,2,,7
152,울산,2025-05-13 10:00,22.9,,2,43,1,2.79,,6
152,울산,2025-05-13 11:00,24.7,,1.9,45,1,3.29,,6
152,울산,2025-05-13 12:00,24,,1.6,49,1,3.41,,7
152,울산,2025-05-13 13:00,24.8,,2,48,1,3.34,,7
152,울산,2025-05-13 14:00,25.4,,1.7,50,1,2.95,,8
152,울산,2025-05-13 15:00,24.5,,1.9,49,.9,2.07,,9
152,울산,2025-05-13 16:00,25.4,,1.6,42,.2,1.5,,9
152,울산,2025-05-13 17:00,23.4,,.9,50,0,.94,,9
152,울산,2025-05-13 18:00,21.7,,.5,59,0,.46,,9
152,울산,2025-05-13 19:00,20.9,,.7,64,0,.15,,9
152,울산,2025-05-13 20:00,19.1,,1,69,0,.02,,0
152,울산,2025-05-13 21:00,19.5,,1.6,63,,,,8
152,울산,2025-05-13 22:00,18.8,,1.3,65,,,,7
152,울산,2025-05-13 23:00,17.9,,.5,67,,,,7
152,울산,2025-05-14 00:00,17.1,,.5,68,,,,7
152,울산,2025-05-14 01:00,16.6,,.3,72,,,,8
152,울산,2025-05-14 02:00,17,,1.1,63,,,,9
152,울산,2025-05-14 03:00,15.1,,.5,75,,,,7
152,울산,2025-05-14 04:00,14.3,,.2,79,,,,4
152,울산,2025-05-14 05:00,13.6,,.4,83,,,,2
152,울산,2025-05-14 06:00,13.8,,1,78,.1,.06,,3
152,울산,2025-05-14 07:00,17.2,,1,69,1,.63,,1
152,울산,2025-05-14 08:00,19.2,,.9,61,1,1.44,,1
152,울산,2025-05-14 09:00,22,,1.6,42,1,2.2,,0
152,울산,2025-05-14 10:00,23.3,,2.1,45,1,2.86,,0
152,울산,2025-05-14 11:00,23.5,,2,48,1,3.29,,0
152,울산,2025-05-14 12:00,24.5,,1.8,49,1,3.54,,0
152,울산,2025-05-14 13:00,23.8,,2.2,53,1,3.55,,3
152,울산,2025-05-14 14:00,23.2,,2.5,54,1,3.31,,4
152,울산,2025-05-14 15:00,23.8,,2.4,49,1,2.73,,7
152,울산,2025-05-14 16:00,24.7,,4.7,36,1,2.24,,7
152,울산,2025-05-14 17:00,22.9,,5.8,42,.6,1.23,,8
152,울산,2025-05-14 18:00,22.4,,4.2,43,.8,.83,,7
152,울산,2025-05-14 19:00,20.9,,3.1,45,.4,.31,,3
152,울산,2025-05-14 20:00,19.6,,3,46,0,.01,,7
152,울산,2025-05-14 21:00,18.4,,2.7,52,,,,7
152,울산,2025-05-14 22:00,18.2,,2.7,59,,,,7
152,울산,2025-05-14 23:00,17.8,,2.6,65,,,,6
152,울산,2025-05-15 00:00,18.7,,2.4,67,,,,8
152,울산,2025-05-15 01:00,18,,1.3,72,,,,9
152,울산,2025-05-15 02:00,17.8,,1.3,74,,,,10
152,울산,2025-05-15 03:00,18.9,,2.9,75,,,,9
152,울산,2025-05-15 04:00,18.3,,.5,79,,,,9
152,울산,2025-05-15 05:00,17.7,,.5,83,,,,10
152,울산,2025-05-15 06:00,17.6,,.7,85,0,.02,,10
152,울산,2025-05-15 07:00,19.2,,3,80,0,.17,,10
152,울산,2025-05-15 08:00,19.8,,2.7,79,0,.45,,10
152,울산,2025-05-15 09:00,20.2,,1.8,79,0,.29,,10
152,울산,2025-05-15 10:00,20.2,,4.6,78,0,.56,,10
152,울산,2025-05-15 11:00,20.1,,4.5,80,0,.59,,10
152,울산,2025-05-15 12:00,21.1,,4.9,77,0,.74,,10
152,울산,2025-05-15 13:00,21,,6.9,77,0,1.15,,10
152,울산,2025-05-15 14:00,21.4,,4.4,77,0,.97,,10
152,울산,2025-05-15 15:00,21.7,,3.7,77,0,1.05,,10
152,울산,2025-05-15 16:00,21.5,,3.9,77,0,.71,,9
152,울산,2025-05-15 17:00,21.9,,3,75,0,.85,,9
152,울산,2025-05-15 18:00,21.6,,3.3,75,0,.45,,9
152,울산,2025-05-15 19:00,21.6,,4.1,75,0,.17,,8
152,울산,2025-05-15 20:00,21.1,,1.6,76,0,0,,9
152,울산,2025-05-15 21:00,20.2,,2.1,81,,,,9
152,울산,2025-05-15 22:00,19.7,,.4,84,,,,9
152,울산,2025-05-15 23:00,20.9,,1.5,76,,,,10
152,울산,2025-05-16 00:00,19.5,,1.1,84,,,,9
152,울산,2025-05-16 01:00,19,,.6,85,,,,10
152,울산,2025-05-16 02:00,18.5,,.3,90,,,,10
152,울산,2025-05-16 03:00,18.7,,.5,89,,,,10
152,울산,2025-05-16 04:00,18.6,,.4,90,,,,10
152,울산,2025-05-16 05:00,20.3,,1.5,85,,,,10
152,울산,2025-05-16 06:00,19.3,0,1.7,87,0,.02,,10
152,울산,2025-05-16 07:00,19.4,,.5,88,0,.14,,10
152,울산,2025-05-16 08:00,20,,.7,86,0,.36,,10
152,울산,2025-05-16 09:00,21.3,0,.8,82,0,.73,,10
152,울산,2025-05-16 10:00,22.3,,1.7,74,0,1.12,,10
152,울산,2025-05-16 11:00,21,0,.5,79,0,.68,,10
152,울산,2025-05-16 12:00,22.8,0,2.3,78,0,.88,,10
152,울산,2025-05-16 13:00,21.8,0,2.6,82,0,.5,,10
152,울산,2025-05-16 14:00,21.3,0,1.2,81,0,.59,,10
152,울산,2025-05-16 15:00,21.1,0,1.1,81,0,.46,,10
152,울산,2025-05-16 16:00,20.5,0,1.7,83,0,.43,,10
152,울산,2025-05-16 17:00,18.7,.2,1.3,91,0,.19,,10
152,울산,2025-05-16 18:00,18.3,2.2,.7,93,0,.06,,10
152,울산,2025-05-16 19:00,18.3,1.4,.5,94,0,.02,,10
152,울산,2025-05-16 20:00,17.8,1.1,1.9,93,0,0,,10
152,울산,2025-05-16 21:00,17.4,4.4,2.3,94,,,,10
152,울산,2025-05-16 22:00,16.4,9.8,1.6,94,,,,10
152,울산,2025-05-16 23:00,16.5,8.4,2.5,96,,,,10
152,울산,2025-05-17 00:00,16.7,7.9,1.9,95,,,,10
152,울산,2025-05-17 01:00,16.7,2.2,1.9,94,,,,10
152,울산,2025-05-17 02:00,16.7,,1.1,95,,,,6
152,울산,2025-05-17 03:00,16.8,,1.1,94,,,,10
152,울산,2025-05-17 04:00,16.6,,.9,94,,,,10
152,울산,2025-05-17 05:00,16.6,,1.3,95,,,,10
152,울산,2025-05-17 06:00,16.6,,2,95,0,.01,,10
152,울산,2025-05-17 07:00,17.7,,2,92,.3,.45,,6
152,울산,2025-05-17 08:00,19.2,,1.5,84,.8,1.21,,6
152,울산,2025-05-17 09:00,20.6,,1.4,79,.6,1.73,,8
152,울산,2025-05-17 10:00,21.4,,1.6,74,.6,2.02,,7
152,울산,2025-05-17 11:00,23.3,,2.3,66,1,3.14,,6
152,울산,2025-05-17 12:00,24.3,,1.9,62,.9,2.79,,7
152,울산,2025-05-17 13:00,25,,2.1,60,.7,2.48,,9
152,울산,2025-05-17 14:00,25.2,,2,61,1,3.5,,5
152,울산,2025-05-17 15:00,24.3,,1.7,62,1,2.91,,6
152,울산,2025-05-17 16:00,23.1,,2,65,1,2.2,,7
152,울산,2025-05-17 17:00,21.4,,1.9,71,.5,1.25,,8
152,울산,2025-05-17 18:00,20.7,,1.6,73,.7,.92,,9
152,울산,2025-05-17 19:00,20,,1.1,78,0,.25,,8
152,울산,2025-05-17 20:00,17.9,,1.3,82,0,.01,,8
152,울산,2025-05-17 21:00,17.4,,.4,87,,,,6
152,울산,2025-05-17 22:00,16.6,,1.5,90,,,,0
152,울산,2025-05-17 23:00,17.8,,2.5,88,,,,5
152,울산,2025-05-18 00:00,17.9,,.8,83,,,,0
152,울산,2025-05-18 01:00,18.7,,1.8,85,,,,5
152,울산,2025-05-18 02:00,17.5,,1.6,82,,,,6
152,울산,2025-05-18 03:00,17.3,,.8,88,,,,0
152,울산,2025-05-18 04:00,17.3,,1.7,76,,,,5
152,울산,2025-05-18 05:00,17.3,,1.6,59,,,,8
152,울산,2025-05-18 06:00,16.4,,2.2,63,0,.04,,8
152,울산,2025-05-18 07:00,16.8,,4.1,59,0,.36,,9
152,울산,2025-05-18 08:00,17.5,,3.2,57,.5,.95,,9
152,울산,2025-05-18 09:00,18.3,,3.3,55,.9,1.61,,9
152,울산,2025-05-18 10:00,19.7,,2.6,49,1,2.38,,7
152,울산,2025-05-18 11:00,20,,3.2,48,1,2.93,,9
152,울산,2025-05-18 12:00,19.8,,4.5,52,.9,3.14,,7
152,울산,2025-05-18 13:00,17.5,,6.1,54,1,3.35,,6
152,울산,2025-05-18 14:00,18.6,,3,49,1,2.93,,5
152,울산,2025-05-18 15:00,18.2,,3.6,47,.9,2.55,,5
152,울산,2025-05-18 16:00,19.2,,2.7,45,1,2.42,,6
152,울산,2025-05-18 17:00,19.1,,1.6,41,1,1.61,,7
152,울산,2025-05-18 18:00,18.8,,1.6,42,1,1.17,,8
152,울산,2025-05-18 19:00,17,,1.1,47,.2,.26,,7
152,울산,2025-05-18 20:00,15.3,,1.1,55,0,.02,,7
152,울산,2025-05-18 21:00,14,,.3,66,,,,5
152,울산,2025-05-18 22:00,13.9,,1,58,,,,5
152,울산,2025-05-18 23:00,12.8,,.2,64,,,,3
152,울산,2025-05-19 00:00,12.4,,.3,66,,,,8
152,울산,2025-05-19 01:00,12.1,,.4,71,,,,2
152,울산,2025-05-19 02:00,13.8,,2.1,67,,,,9
152,울산,2025-05-19 03:00,12.6,,.9,75,,,,8
152,울산,2025-05-19 04:00,13.5,,1,70,,,,8
152,울산,2025-05-19 05:00,12.7,,1,76,,,,6
152,울산,2025-05-19 06:00,12.7,,.7,79,0,.05,,3
152,울산,2025-05-19 07:00,14.1,,.5,75,.4,.39,,8
152,울산,2025-05-19 08:00,15.8,,1.2,71,.2,.77,,9
152,울산,2025-05-19 09:00,18.8,,3.1,57,.7,1.67,,1
152,울산,2025-05-19 10:00,22.1,,2.4,39,1,2.66,,0
152,울산,2025-05-19 11:00,23.4,,5,31,1,3.2,,0
152,울산,2025-05-19 12:00,24.5,,5.7,24,1,3.52,,0
152,울산,2025-05-19 13:00,24.6,,6.1,36,1,3.47,,0
152,울산,2025-05-19 14:00,24.9,,6.3,43,1,3.31,,0
152,울산,2025-05-19 15:00,25.5,,5.4,45,1,2.91,,0
152,울산,2025-05-19 16:00,24.9,,7.9,46,1,2.35,,0
152,울산,2025-05-19 17:00,23.9,,8.5,48,1,1.71,,0
152,울산,2025-05-19 18:00,23.1,,6.5,54,1,.98,,0
152,울산,2025-05-19 19:00,22.2,,9.3,59,.7,.33,,0
152,울산,2025-05-19 20:00,21.6,,8.8,65,0,.02,,0
152,울산,2025-05-19 21:00,21,,8.2,69,,,,0
152,울산,2025-05-19 22:00,20.8,,6.7,71,,,,0
152,울산,2025-05-19 23:00,20.9,,6.1,72,,,,0
152,울산,2025-05-20 00:00,21,,4.2,72,,,,0
152,울산,2025-05-20 01:00,21.1,,5.2,71,,,,0
152,울산,2025-05-20 02:00,20.9,,4,72,,,,0
152,울산,2025-05-20 03:00,20.4,,2.8,75,,,,0
152,울산,2025-05-20 04:00,19.3,,1.7,81,,,,0
152,울산,2025-05-20 05:00,20.1,,3,80,,,,0
152,울산,2025-05-20 06:00,18.7,,1.4,84,0,.06,,0
152,울산,2025-05-20 07:00,19.3,,.8,82,.9,.5,,0
152,울산,2025-05-20 08:00,22.3,,1.7,73,1,1.18,,0
152,울산,2025-05-20 09:00,24.6,,1.2,64,1,1.94,,0
152,울산,2025-05-20 10:00,26.3,,2.2,58,1,2.58,,0
152,울산,2025-05-20 11:00,27.7,,4.3,51,1,3.05,,0
152,울산,2025-05-20 12:00,28.7,,4.7,53,1,3.34,,0
152,울산,2025-05-20 13:00,30.2,,4.2,48,1,3.36,,0
152,울산,2025-05-20 14:00,29,,1.9,51,1,3.32,,0
152,울산,2025-05-20 15:00,29.3,,1.9,54,1,2.95,,0
152,울산,2025-05-20 16:00,29.5,,3.3,51,1,2.39,,0
152,울산,2025-05-20 17:00,28.9,,4.3,51,1,1.75,,0
152,울산,2025-05-20 18:00,25.1,,1.4,64,1,.95,,5
152,울산,2025-05-20 19:00,25.2,,3.1,67,.5,.34,,7
152,울산,2025-05-20 20:00,24.5,,4.3,70,0,.02,,8
152,울산,2025-05-20 21:00,24.1,,2.1,72,,,,9
152,울산,2025-05-20 22:00,23.4,,1.5,77,,,,8
152,울산,2025-05-20 23:00,23.2,,.9,79,,,,8
152,울산,2025-05-21 00:00,22,,.9,84,,,,7
152,울산,2025-05-21 01:00,20.9,,.6,87,,,,3
152,울산,2025-05-21 02:00,20.3,,1.2,90,,,,0
152,울산,2025-05-21 03:00,20,,.7,92,,,,0
152,울산,2025-05-21 04:00,21.7,,1.7,91,,,,5
152,울산,2025-05-21 05:00,21.5,,2,87,,,,6
152,울산,2025-05-21 06:00,21,,1.6,89,.1,.08,,7
152,울산,2025-05-21 07:00,22.8,,1.4,83,.8,.51,,7
152,울산,2025-05-21 08:00,24.7,,2.2,73,1,1.17,,7
152,울산,2025-05-21 09:00,26.7,,1.6,61,1,1.9,,7
152,울산,2025-05-21 10:00,27.3,,1.6,60,1,2.46,,7
152,울산,2025-05-21 11:00,26.3,,1.2,63,1,2.7,,8
152,울산,2025-05-21 12:00,23.5,,2.4,73,.3,2.03,,9
152,울산,2025-05-21 13:00,24.7,,1.6,69,0,1.82,,9
152,울산,2025-05-21 14:00,23.9,,1.7,74,0,1.13,,9
152,울산,2025-05-21 15:00,24.2,,1,75,0,.84,,9
152,울산,2025-05-21 16:00,24.3,,1.1,69,0,.57,,9
152,울산,2025-05-21 17:00,24.3,,.8,71,0,.16,,9
152,울산,2025-05-21 18:00,23.5,,2.1,74,0,.17,,9
152,울산,2025-05-21 19:00,21.3,,2.4,84,0,.1,,10
152,울산,2025-05-21 20:00,20.4,,2,81,0,.01,,10
152,울산,2025-05-21 21:00,19.5,,3.1,81,,,,9
152,울산,2025-05-21 22:00,18.9,,2.1,79,,,,10
152,울산,2025-05-21 23:00,18,,2.9,81,,,,9
152,울산,2025-05-22 00:00,17.5,,2.9,82,,,,9
152,울산,2025-05-22 01:00,16.7,,2.9,84,,,,8
152,울산,2025-05-22 02:00,16.4,,1.7,84,,,,8
152,울산,2025-05-22 03:00,15.8,,3.4,85,,,,8
152,울산,2025-05-22 04:00,15.3,,3.5,86,,,,8
152,울산,2025-05-22 05:00,15.2,,2.8,85,,,,8
152,울산,2025-05-22 06:00,15.1,,2.1,85,0,.05,,7
152,울산,2025-05-22 07:00,15.9,,2.8,78,.4,.41,,6
152,울산,2025-05-22 08:00,16.7,,3.2,75,.2,.88,,9
152,울산,2025-05-22 09:00,15.9,,3.3,77,0,.51,,9
152,울산,2025-05-22 10:00,15.6,,3,79,0,.4,,9
152,울산,2025-05-22 11:00,15.4,,3.7,79,0,.47,,9
152,울산,2025-05-22 12:00,16,,2.7,77,0,.67,,9
152,울산,2025-05-22 13:00,16.3,,1.9,76,0,.68,,9
152,울산,2025-05-22 14:00,17,,2,75,0,.72,,9
152,울산,2025-05-22 15:00,16.6,,3.1,76,0,1.11,,9
152,울산,2025-05-22 16:00,16.3,,2.3,75,0,.89,,9
152,울산,2025-05-22 17:00,16.4,,3.6,69,0,.46,,9
152,울산,2025-05-22 18:00,16,,2.6,73,0,.34,,9
152,울산,2025-05-22 19:00,15.6,,2.3,75,0,.09,,10
152,울산,2025-05-22 20:00,15.2,,2.1,78,0,0,,10
152,울산,2025-05-22 21:00,14.8,,2.2,79,,,,8
152,울산,2025-05-22 22:00,14.2,,1.8,77,,,,10
152,울산,2025-05-22 23:00,13.3,,.9,81,,,,2
152,울산,2025-05-23 00:00,13.2,,1.2,81,,,,9
152,울산,2025-05-23 01:00,13.1,,.8,81,,,,10
152,울산,2025-05-23 02:00,13.3,,1.5,79,,,,10
152,울산,2025-05-23 03:00,12.7,,.9,81,,,,7
152,울산,2025-05-23 04:00,12.2,,1.8,84,,,,6
152,울산,2025-05-23 05:00,12.1,,3.1,87,,,,7
152,울산,2025-05-23 06:00,12.3,,1.1,84,0,.06,,8
152,울산,2025-05-23 07:00,13.9,,1.6,76,.3,.45,,8
152,울산,2025-05-23 08:00,15.6,,2.3,58,.9,1.12,,8
152,울산,2025-05-23 09:00,16.8,,3.6,52,.9,1.5,,8
152,울산,2025-05-23 10:00,17.9,,2.7,47,.8,1.85,,8
152,울산,2025-05-23 11:00,17.4,,3.3,47,.2,1.66,,8
152,울산,2025-05-23 12:00,17.3,,3.5,46,.1,1.76,,9
152,울산,2025-05-23 13:00,17.8,,2.4,51,0,1.41,,9
152,울산,2025-05-23 14:00,18.7,,2.4,47,.3,1.94,,9
152,울산,2025-05-23 15:00,19.1,,2.1,48,.3,1.9,,9
152,울산,2025-05-23 16:00,17.9,,2.9,49,0,.86,,9
152,울산,2025-05-23 17:00,17.9,,2.2,47,0,.67,,9
152,울산,2025-05-23 18:00,17,,2.4,50,0,.39,,9
152,울산,2025-05-23 19:00,16.5,,1.4,50,0,.04,,10
152,울산,2025-05-23 20:00,15.7,,2.2,52,0,0,,10
152,울산,2025-05-23 21:00,15.7,,2.1,53,,,,10
152,울산,2025-05-23 22:00,15.7,,2.9,58,,,,10
152,울산,2025-05-23 23:00,15.9,,3.2,55,,,,10
152,울산,2025-05-24 00:00,16.2,,2.5,52,,,,10
152,울산,2025-05-24 01:00,15.8,,2.4,60,,,,10
152,울산,2025-05-24 02:00,15.4,,2.9,66,,,,10
152,울산,2025-05-24 03:00,15.3,,3.5,67,,,,10
152,울산,2025-05-24 04:00,15.3,,2.8,67,,,,10
152,울산,2025-05-24 05:00,15.1,0,3.7,71,,,,10
152,울산,2025-05-24 06:00,14,0,3.3,82,0,0,,10
152,울산,2025-05-24 07:00,13.6,.8,3.2,88,0,.06,,10
152,울산,2025-05-24 08:00,13.5,.8,2.7,91,0,.07,,10
152,울산,2025-05-24 09:00,13.9,0,4.3,89,0,.15,,10
152,울산,2025-05-24 10:00,13.6,.2,3.5,93,0,.09,,10
152,울산,2025-05-24 11:00,13.8,.4,3.6,93,0,.27,,10
152,울산,2025-05-24 12:00,13.6,.5,3.6,91,0,.36,,10
152,울산,2025-05-24 13:00,12.9,1.3,3.4,93,0,.47,,10
152,울산,2025-05-24 14:00,12.3,.2,3.8,92,0,.48,,10
152,울산,2025-05-24 15:00,12.4,0,3.2,90,0,.51,,10
152,울산,2025-05-24 16:00,12.1,0,4.1,90,0,.34,,10
152,울산,2025-05-24 17:00,12.2,.4,4.3,92,0,.37,,10
152,울산,2025-05-24 18:00,12.4,0,3.7,89,0,.17,,10
152,울산,2025-05-24 19:00,12.3,,3.8,86,0,.08,,9
152,울산,2025-05-24 20:00,12,,3.3,86,0,.01,,10
152,울산,2025-05-24 21:00,12,0,3,89,,,,10
152,울산,2025-05-24 22:00,11.9,0,2.2,91,,,,10
152,울산,2025-05-24 23:00,12.3,0,2,88,,,,10
152,울산,2025-05-25 00:00,12.2,0,1.6,89,,,,10
152,울산,2025-05-25 01:00,11.8,.4,2.6,94,,,,10
152,울산,2025-05-25 02:00,11.6,.4,2.8,93,,,,10
152,울산,2025-05-25 03:00,11.7,0,2,92,,,,10
152,울산,2025-05-25 04:00,11.7,0,2.4,89,,,,10
152,울산,2025-05-25 05:00,11.6,,1.4,90,,,,10
152,울산,2025-05-25 06:00,11.6,0,.6,92,0,.02,,10
152,울산,2025-05-25 07:00,12.5,,.2,90,.1,.4,,7
152,울산,2025-05-25 08:00,13.8,,1.4,84,.5,1.04,,2
152,울산,2025-05-25 09:00,16.1,,2.6,74,.8,1.77,,2
152,울산,2025-05-25 10:00,17.1,,3,63,1,2.85,,4
152,울산,2025-05-25 11:00,18.3,,2.9,59,1,3.38,,3
152,울산,2025-05-25 12:00,19.5,,1.8,53,1,3.53,,2
152,울산,2025-05-25 13:00,19.5,,3.1,53,.9,3.28,,2
152,울산,2025-05-25 14:00,20,,1.7,52,.9,3.22,,1
152,울산,2025-05-25 15:00,20,,2.7,50,1,3.06,,0
152,울산,2025-05-25 16:00,18.9,,2.2,57,1,2.48,,0
152,울산,2025-05-25 17:00,18.4,,2.1,58,1,1.81,,0
152,울산,2025-05-25 18:00,17.5,,1.8,63,1,1.06,,0
152,울산,2025-05-25 19:00,15.7,,2.2,72,.8,.36,,0
152,울산,2025-05-25 20:00,15,,2.2,77,0,.02,,2
152,울산,2025-05-25 21:00,14.7,,.9,81,,,,0
152,울산,2025-05-25 22:00,14.1,,1.4,83,,,,0
152,울산,2025-05-25 23:00,14.1,,1.8,84,,,,2
152,울산,2025-05-26 00:00,14,,2.1,83,,,,0
152,울산,2025-05-26 01:00,12.8,,.6,88,,,,0
152,울산,2025-05-26 02:00,12.8,,2.4,90,,,,2
152,울산,2025-05-26 03:00,12.3,,1.5,92,,,,3
152,울산,2025-05-26 04:00,11.5,,.2,93,,,,6
152,울산,2025-05-26 05:00,11.6,,.9,93,,,,8
152,울산,2025-05-26 06:00,12.1,,1.2,93,0,.08,,7
152,울산,2025-05-26 07:00,14,,.7,89,.4,.51,,7
152,울산,2025-05-26 08:00,16.7,,1.1,76,1,1.25,,6
152,울산,2025-05-26 09:00,19.4,,.9,67,1,1.98,,3
152,울산,2025-05-26 10:00,20.8,,1.1,58,1,2.62,,4
152,울산,2025-05-26 11:00,22.7,,2.3,44,1,3.25,,5
152,울산,2025-05-26 12:00,23.1,,1.7,49,1,2.7,,7
152,울산,2025-05-26 13:00,22.9,,2.3,49,1,3.14,,4
152,울산,2025-05-26 14:00,22.8,,2.2,51,1,3.25,,1
152,울산,2025-05-26 15:00,22.1,,2.8,59,1,3.02,,2
152,울산,2025-05-26 16:00,21.6,,2.8,59,1,2.42,,2
152,울산,2025-05-26 17:00,20.6,,2.8,63,1,1.7,,0
152,울산,2025-05-26 18:00,19.8,,1.4,68,1,.98,,0
152,울산,2025-05-26 19:00,17.9,,1.9,76,.8,.38,,0
152,울산,2025-05-26 20:00,16.8,,.9,84,0,.02,,0
152,울산,2025-05-26 21:00,16.1,,.6,85,,,,0
152,울산,2025-05-26 22:00,15.4,,.5,87,,,,0
152,울산,2025-05-26 23:00,14.5,,.1,86,,,,0
152,울산,2025-05-27 00:00,14.2,,.5,85,,,,0
152,울산,2025-05-27 01:00,13.6,,.2,87,,,,0
152,울산,2025-05-27 02:00,13.8,,1.3,82,,,,0
152,울산,2025-05-27 03:00,13.8,,1.5,77,,,,0
152,울산,2025-05-27 04:00,12.7,,1.1,80,,,,0
152,울산,2025-05-27 05:00,12.6,,1.1,83,,,,0
152,울산,2025-05-27 06:00,13,,.6,85,.3,.08,,0
152,울산,2025-05-27 07:00,14.5,,.4,83,1,.55,,0
152,울산,2025-05-27 08:00,17.3,,.5,68,1,1.17,,0
152,울산,2025-05-27 09:00,20,,.9,59,1,1.9,,0
152,울산,2025-05-27 10:00,22.1,,1.4,59,1,2.57,,0
152,울산,2025-05-27 11:00,22.5,,1.9,50,1,3.02,,0
152,울산,2025-05-27 12:00,23.3,,2.3,47,1,3.33,,0
152,울산,2025-05-27 13:00,22.8,,3.2,50,1,3.41,,0
152,울산,2025-05-27 14:00,22.2,,1.9,53,1,3.29,,1
152,울산,2025-05-27 15:00,21.9,,2.4,56,1,2.83,,2
152,울산,2025-05-27 16:00,21.6,,2.3,57,1,2.37,,1
152,울산,2025-05-27 17:00,21.1,,1.4,58,1,1.64,,2
152,울산,2025-05-27 18:00,20,,2.1,68,.8,.84,,1
152,울산,2025-05-27 19:00,18.4,,1.7,69,.3,.27,,3
152,울산,2025-05-27 20:00,17.8,,1.4,71,0,.02,,2
152,울산,2025-05-27 21:00,17.2,,.9,67,,,,2
152,울산,2025-05-27 22:00,16.2,,.4,75,,,,3
152,울산,2025-05-27 23:00,15.3,,.2,81,,,,0
152,울산,2025-05-28 00:00,14.9,,1.1,84,,,,0
152,울산,2025-05-28 01:00,14.5,,1.3,87,,,,0
152,울산,2025-05-28 02:00,14.5,,1.5,88,,,,0
152,울산,2025-05-28 03:00,14,,1.5,90,,,,0
152,울산,2025-05-28 04:00,13.7,,1.2,92,,,,0
152,울산,2025-05-28 05:00,13.2,,.1,93,,,,0
152,울산,2025-05-28 06:00,13.7,,.3,95,0,.07,,0
152,울산,2025-05-28 07:00,16.1,,.5,91,.3,.47,,4
152,울산,2025-05-28 08:00,18.3,,1,76,1,1.05,,0
152,울산,2025-05-28 09:00,20.2,,1,68,1,1.75,,1
152,울산,2025-05-28 10:00,22,,2.3,58,1,2.32,,1
152,울산,2025-05-28 11:00,23.2,,1.9,48,1,2.82,,1
152,울산,2025-05-28 12:00,24.5,,2,44,1,3.13,,0
152,울산,2025-05-28 13:00,24.2,,1.7,36,1,3.24,,0
152,울산,2025-05-28 14:00,23.3,,2,36,.9,2.86,,3
152,울산,2025-05-28 15:00,20.7,,1.9,46,0,.56,,8
152,울산,2025-05-28 16:00,20,,1.6,47,0,.42,,7
152,울산,2025-05-28 17:00,20.3,,2,49,.1,.8,,3
152,울산,2025-05-28 18:00,19.1,,2.4,56,0,.33,,7
152,울산,2025-05-28 19:00,18.1,,1.3,65,0,.15,,2
152,울산,2025-05-28 20:00,16.5,,.7,74,0,0,,4
152,울산,2025-05-28 21:00,16.3,,1.5,76,,,,6
152,울산,2025-05-28 22:00,16.6,,1,66,,,,7
152,울산,2025-05-28 23:00,16.1,,1.9,70,,,,5
152,울산,2025-05-29 00:00,14.9,,.8,78,,,,3
152,울산,2025-05-29 01:00,15.2,,2.8,79,,,,2
152,울산,2025-05-29 02:00,14,,1,88,,,,5
152,울산,2025-05-29 03:00,13.6,,1.8,88,,,,3
152,울산,2025-05-29 04:00,13.4,,1.6,82,,,,3
152,울산,2025-05-29 05:00,12.9,,1.5,88,,,,3
152,울산,2025-05-29 06:00,13.1,,.7,88,.1,.07,,0
152,울산,2025-05-29 07:00,15.4,,.8,81,1,.55,,0
152,울산,2025-05-29 08:00,17,,.8,74,1,1.22,,0
152,울산,2025-05-29 09:00,19.6,,2.1,62,1,1.93,,0
152,울산,2025-05-29 10:00,21,,1.5,53,1,2.61,,0
152,울산,2025-05-29 11:00,22.1,,2.1,52,1,3.11,,0
152,울산,2025-05-29 12:00,21.6,,4,57,1,3.41,,0
152,울산,2025-05-29 13:00,20.5,,3.2,57,1,3.48,,0
152,울산,2025-05-29 14:00,20.1,,4.4,61,1,3.34,,0
152,울산,2025-05-29 15:00,20.7,,3.5,61,1,2.97,,0
152,울산,2025-05-29 16:00,19.2,,4.4,66,1,2.4,,0
152,울산,2025-05-29 17:00,18.1,,3.8,69,1,1.74,,0
152,울산,2025-05-29 18:00,17.2,,2.8,73,.9,.93,,0
152,울산,2025-05-29 19:00,16,,1.7,80,0,.07,,2
152,울산,2025-05-29 20:00,15.2,,1.6,83,0,.01,,2
152,울산,2025-05-29 21:00,14.7,,.8,83,,,,2
152,울산,2025-05-29 22:00,14.3,,1.5,82,,,,0
152,울산,2025-05-29 23:00,14,,1.3,86,,,,0
152,울산,2025-05-30 00:00,13.3,,1.6,89,,,,0
152,울산,2025-05-30 01:00,12.9,,1.2,90,,,,0
152,울산,2025-05-30 02:00,12.5,,.5,90,,,,0
152,울산,2025-05-30 03:00,12.7,,2.1,92,,,,0
152,울산,2025-05-30 04:00,12,,1.8,93,,,,0
152,울산,2025-05-30 05:00,12.3,,1.6,92,,,,0
152,울산,2025-05-30 06:00,12.9,,2.6,89,.3,.09,,0
152,울산,2025-05-30 07:00,14.5,,2,81,1,.62,,0
152,울산,2025-05-30 08:00,15.8,,2.7,70,1,1.36,,1
152,울산,2025-05-30 09:00,17.1,,3.5,62,.9,2.03,,0
152,울산,2025-05-30 10:00,18.4,,3.2,57,1,2.83,,0
152,울산,2025-05-30 11:00,19.8,,3.6,53,1,3.26,,0
152,울산,2025-05-30 12:00,20.5,,3.2,53,1,3.61,,1
152,울산,2025-05-30 13:00,20.8,,4,56,1,3.6,,1
152,울산,2025-05-30 14:00,21.5,,2.6,57,.9,3.18,,0
152,울산,2025-05-30 15:00,22.1,,2.9,49,1,3.12,,0
152,울산,2025-05-30 16:00,21.1,,2.8,60,1,2.54,,0
152,울산,2025-05-30 17:00,19.5,,3.2,64,1,1.78,,0
152,울산,2025-05-30 18:00,18.1,,3.2,69,1,.94,,0
152,울산,2025-05-30 19:00,16.9,,2.7,73,.8,.31,,0
152,울산,2025-05-30 20:00,15.9,,.9,74,0,.03,,0
152,울산,2025-05-30 21:00,14.9,,1.7,76,,,,0
152,울산,2025-05-30 22:00,14.2,,.7,82,,,,0
152,울산,2025-05-30 23:00,13.9,,1.6,84,,,,0
152,울산,2025-05-31 00:00,13.3,,1.5,88,,,,0
152,울산,2025-05-31 01:00,12.9,,1.5,89,,,,0
152,울산,2025-05-31 02:00,12.2,,1.5,92,,,,0
152,울산,2025-05-31 03:00,12.3,,1.7,91,,,,0
152,울산,2025-05-31 04:00,12.2,,1.3,89,,,,0
152,울산,2025-05-31 05:00,11.9,,.8,88,,,,0
152,울산,2025-05-31 06:00,12.1,,.1,85,.3,.1,,0
152,울산,2025-05-31 07:00,14.1,,.6,76,1,.6,,0
152,울산,2025-05-31 08:00,16.8,,.8,66,1,1.29,,0
152,울산,2025-05-31 09:00,19.3,,1.3,52,1,2.04,,0
152,울산,2025-05-31 10:00,21.2,,1.7,44,1,2.71,,0
152,울산,2025-05-31 11:00,23.3,,2.1,38,1,3.18,,0
152,울산,2025-05-31 12:00,24.6,,3,30,1,3.43,,4
152,울산,2025-05-31 13:00,24.9,,2.8,26,1,3.22,,7
152,울산,2025-05-31 14:00,25.5,,2.9,33,1,3.08,,7
152,울산,2025-05-31 15:00,23.4,,3.2,30,1,2.51,,6
152,울산,2025-05-31 16:00,23.4,,2.2,33,1,2.27,,5
152,울산,2025-05-31 17:00,21.9,,3.2,31,.9,1.58,,3
152,울산,2025-05-31 18:00,20.2,,2,37,.8,.87,,7
152,울산,2025-05-31 19:00,19,,.3,43,0,.3,,7
152,울산,2025-05-31 20:00,17.8,,1.9,47,0,.03,,7
152,울산,2025-05-31 21:00,16.8,,.8,50,,,,7
152,울산,2025-05-31 22:00,15.7,,1.1,54,,,,6
152,울산,2025-05-31 23:00,15.2,,.2,58,,,,8
152,울산,2025-06-01 00:00,14.3,,.5,63,,,,7
152,울산,2025-06-01 01:00,13.5,,.4,68,,,,2
152,울산,2025-06-01 02:00,14.4,,2.4,51,,,,0
152,울산,2025-06-01 03:00,12.7,,.3,59,,,,0
152,울산,2025-06-01 04:00,13.4,,1.7,55,,,,0
152,울산,2025-06-01 05:00,12.7,,.9,56,,,,0
152,울산,2025-06-01 06:00,12.7,,1.1,61,0,.06,,2
152,울산,2025-06-01 07:00,15.9,,1.6,58,.9,.65,,3
152,울산,2025-06-01 08:00,18.2,,.9,55,1,1.28,,0
152,울산,2025-06-01 09:00,20.3,,1.2,44,1,2,,0
152,울산,2025-06-01 10:00,22.8,,1.3,42,1,2.64,,0
152,울산,2025-06-01 11:00,24.2,,1.9,46,1,3.01,,4
152,울산,2025-06-01 12:00,24.6,,2,48,1,3.39,,0
152,울산,2025-06-01 13:00,23.8,,2.5,56,1,3.46,,0
152,울산,2025-06-01 14:00,22.8,,3.1,57,1,3.35,,0
152,울산,2025-06-01 15:00,22.8,,2.4,58,1,2.85,,6
152,울산,2025-06-01 16:00,22.4,,2.1,61,1,2.4,,4
152,울산,2025-06-01 17:00,21.5,,1.7,65,1,1.58,,7
152,울산,2025-06-01 18:00,20.7,,1.6,69,.9,.97,,3
152,울산,2025-06-01 19:00,19.3,,1.4,76,.2,.3,,7
152,울산,2025-06-01 20:00,18,,1.2,83,0,.04,,3
152,울산,2025-06-01 21:00,17.6,,.8,86,,,,5
152,울산,2025-06-01 22:00,16.8,,1.1,90,,,,3
152,울산,2025-06-01 23:00,16.4,,.1,91,,,,8
152,울산,2025-06-02 00:00,16.4,,.7,92,,,,9
152,울산,2025-06-02 01:00,16.1,,.2,93,,,,8
152,울산,2025-06-02 02:00,16,,.5,94,,,,7
152,울산,2025-06-02 03:00,16,,.4,94,,,,8
152,울산,2025-06-02 04:00,16.4,,1,95,,,,9
152,울산,2025-06-02 05:00,16,,1.2,95,,,,9
152,울산,2025-06-02 06:00,16.5,,.7,94,0,.05,,9
152,울산,2025-06-02 07:00,17.4,,.8,92,0,.31,,9
152,울산,2025-06-02 08:00,18,,.8,89,0,.39,,9
152,울산,2025-06-02 09:00,19.5,,.4,82,0,.59,,10
152,울산,2025-06-02 10:00,21.4,,1.3,73,0,.92,,10
152,울산,2025-06-02 11:00,20.7,0,1.6,72,0,1.06,,10
152,울산,2025-06-02 12:00,21.3,0,1.6,68,0,.8,,10
152,울산,2025-06-02 13:00,21,.2,1,70,0,.78,,10
152,울산,2025-06-02 14:00,21.6,0,1.9,57,0,.96,,10
152,울산,2025-06-02 15:00,22,0,.8,62,0,.8,,10
152,울산,2025-06-02 16:00,21.4,0,1.2,67,0,.63,,10
152,울산,2025-06-02 17:00,20.6,0,1.4,71,0,.42,,10
152,울산,2025-06-02 18:00,20.2,.1,1,72,0,.38,,10
152,울산,2025-06-02 19:00,19.2,0,1.7,69,0,.12,,10
152,울산,2025-06-02 20:00,18.3,0,1.2,78,0,.01,,10
152,울산,2025-06-02 21:00,17.8,0,.4,83,,,,10
152,울산,2025-06-02 22:00,17.6,0,.6,82,,,,10
152,울산,2025-06-02 23:00,16.8,.7,.3,90,,,,10
152,울산,2025-06-03 00:00,16,.8,.5,90,,,,10
152,울산,2025-06-03 01:00,15.5,.4,1,93,,,,10
152,울산,2025-06-03 02:00,15.4,.6,1,95,,,,10
152,울산,2025-06-03 03:00,15.4,2.4,1.4,96,,,,10
152,울산,2025-06-03 04:00,15.4,1,2.3,95,,,,10
152,울산,2025-06-03 05:00,15.5,.6,1.9,95,,,,10
152,울산,2025-06-03 06:00,15.6,.3,1.7,96,0,.01,,10
152,울산,2025-06-03 07:00,15.8,0,1.6,96,0,.08,,10
152,울산,2025-06-03 08:00,16.6,.1,1.7,94,0,.29,,10
152,울산,2025-06-03 09:00,18,,2.4,87,.1,1.14,,8
152,울산,2025-06-03 10:00,19.8,,2.3,77,.3,1.65,,7
152,울산,2025-06-03 11:00,21,,2.6,74,.5,2.56,,6
152,울산,2025-06-03 12:00,22.2,,2.1,67,.5,2.74,,7
152,울산,2025-06-03 13:00,23.5,,2.7,58,.5,2.54,,5
152,울산,2025-06-03 14:00,24.3,,2.2,61,.8,3.12,,3
152,울산,2025-06-03 15:00,22.3,,1.6,65,.6,2.3,,2
152,울산,2025-06-03 16:00,21.7,,2.3,71,.9,2.36,,1
152,울산,2025-06-03 17:00,21.8,,2.5,68,1,1.78,,1
152,울산,2025-06-03 18:00,21.3,,.8,72,1,1.05,,0
152,울산,2025-06-03 19:00,20.5,,.6,77,.8,.37,,0
152,울산,2025-06-03 20:00,20.2,,1.2,61,0,.03,,0
152,울산,2025-06-03 21:00,22.5,,3.1,37,,,,0
152,울산,2025-06-03 22:00,21.1,,2.2,41,,,,6
152,울산,2025-06-03 23:00,20.9,,1.8,40,,,,9
152,울산,2025-06-04 00:00,20.5,,2.9,33,,,,9
152,울산,2025-06-04 01:00,20.2,,2.7,29,,,,8
152,울산,2025-06-04 02:00,16.9,,1.3,39,,,,5
152,울산,2025-06-04 03:00,17.7,,1.8,34,,,,0
152,울산,2025-06-04 04:00,15.9,,.8,37,,,,0
152,울산,2025-06-04 05:00,15.3,,.7,42,,,,0
152,울산,2025-06-04 06:00,16.2,,.6,39,.3,.1,,0
152,울산,2025-06-04 07:00,18.2,,.8,41,1,.7,,0
152,울산,2025-06-04 08:00,20.7,,.9,30,1,1.44,,0
152,울산,2025-06-04 09:00,22.3,,2.2,28,1,2.17,,0
152,울산,2025-06-04 10:00,23.6,,4.9,28,1,2.83,,0
152,울산,2025-06-04 11:00,25.1,,4.4,25,1,3.33,,0
152,울산,2025-06-04 12:00,25.7,,4.2,21,1,3.64,,0
152,울산,2025-06-04 13:00,26.5,,3.4,23,1,3.68,,0
152,울산,2025-06-04 14:00,27.4,,3.1,22,1,3.54,,0
152,울산,2025-06-04 15:00,28.4,,3.8,18,1,3.21,,0
152,울산,2025-06-04 16:00,28.6,,3.4,17,1,2.65,,0
152,울산,2025-06-04 17:00,28.3,,3.1,20,1,1.95,,0
152,울산,2025-06-04 18:00,27.1,,3.4,19,1,1.22,,0
152,울산,2025-06-04 19:00,25.6,,1.9,19,.9,.49,,0
152,울산,2025-06-04 20:00,24.3,,3,22,0,.03,,0
152,울산,2025-06-04 21:00,21.8,,1.3,30,,,,0
152,울산,2025-06-04 22:00,20.4,,1.2,33,,,,0
152,울산,2025-06-04 23:00,20.8,,2.6,32,,,,0
152,울산,2025-06-05 00:00,20,,2,35,,,,0
152,울산,2025-06-05 01:00,19.2,,2.6,39,,,,0
152,울산,2025-06-05 02:00,18.4,,2.1,43,,,,0
152,울산,2025-06-05 03:00,16.4,,1.2,50,,,,0
152,울산,2025-06-05 04:00,17,,2.4,51,,,,0
152,울산,2025-06-05 05:00,16,,2.1,55,,,,0
152,울산,2025-06-05 06:00,16.7,,1.4,56,.3,.1,,0
152,울산,2025-06-05 07:00,18.7,,2.1,51,1,.71,,0
152,울산,2025-06-05 08:00,20.6,,1.5,45,1,1.44,,0
152,울산,2025-06-05 09:00,22.8,,1.8,45,1,2.18,,0
152,울산,2025-06-05 10:00,23.8,,2.6,36,1,2.81,,0
152,울산,2025-06-05 11:00,25.1,,3.1,31,1,3.3,,0
152,울산,2025-06-05 12:00,25.1,,2,37,1,3.54,,0
152,울산,2025-06-05 13:00,25.6,,2.4,35,1,3.61,,0
152,울산,2025-06-05 14:00,25.5,,2.9,34,1,3.45,,6
152,울산,2025-06-05 15:00,25.2,,2.1,39,1,3.1,,6
152,울산,2025-06-05 16:00,25.1,,2.5,40,1,2.18,,8
152,울산,2025-06-05 17:00,24.2,,1,44,.7,1.38,,8
152,울산,2025-06-05 18:00,23.1,,1.3,43,.5,.81,,9
152,울산,2025-06-05 19:00,21.9,,.7,51,0,.26,,9
152,울산,2025-06-05 20:00,20.4,,.4,54,0,.03,,5
152,울산,2025-06-05 21:00,19.7,,.9,57,,,,6
152,울산,2025-06-05 22:00,19.1,,.9,53,,,,2
152,울산,2025-06-05 23:00,18.7,,.4,55,,,,2
152,울산,2025-06-06 00:00,18,,.7,60,,,,0
152,울산,2025-06-06 01:00,17.9,,.6,60,,,,5
152,울산,2025-06-06 02:00,19.8,,1.6,53,,,,8
152,울산,2025-06-06 03:00,17.9,,.8,61,,,,8
152,울산,2025-06-06 04:00,17.4,,1.8,64,,,,8
152,울산,2025-06-06 05:00,17.4,,1.9,67,,,,8
152,울산,2025-06-06 06:00,15.6,,.4,74,0,.04,,8
152,울산,2025-06-06 07:00,17.9,,.2,70,0,.36,,8
152,울산,2025-06-06 08:00,19.9,,1.4,66,.1,.78,,8
152,울산,2025-06-06 09:00,22.2,,.7,53,.6,1.32,,9
152,울산,2025-06-06 10:00,24.7,,1.1,48,.5,1.83,,9
152,울산,2025-06-06 11:00,26.4,,1.7,43,.9,2.52,,9
152,울산,2025-06-06 12:00,27.7,,1.9,43,.3,1.72,,9
152,울산,2025-06-06 13:00,29.1,,1.8,39,.7,2.54,,9
152,울산,2025-06-06 14:00,28.8,,2,36,.4,2.17,,8
152,울산,2025-06-06 15:00,29.2,,2.7,28,.4,1.84,,9
152,울산,2025-06-06 16:00,27.8,,2.6,32,0,.89,,9
152,울산,2025-06-06 17:00,26.4,,4.3,37,0,.32,,9
152,울산,2025-06-06 18:00,25.5,,4.3,40,0,.16,,9
152,울산,2025-06-06 19:00,24.4,,1.6,44,.1,.27,,8
152,울산,2025-06-06 20:00,22.9,,.9,49,0,.03,,8
152,울산,2025-06-06 21:00,22.3,,2.6,51,,,,7
152,울산,2025-06-06 22:00,21.3,,1,53,,,,6
152,울산,2025-06-06 23:00,20.8,,1.5,52,,,,0
152,울산,2025-06-07 00:00,20.5,,2.1,53,,,,2
152,울산,2025-06-07 01:00,19,,2.2,58,,,,5
152,울산,2025-06-07 02:00,18.4,,.9,60,,,,7
152,울산,2025-06-07 03:00,17.5,,.1,63,,,,7
152,울산,2025-06-07 04:00,17.6,,1.6,62,,,,8
152,울산,2025-06-07 05:00,17.6,,1.5,61,,,,3
152,울산,2025-06-07 06:00,18.1,,1.2,60,0,.07,,6
152,울산,2025-06-07 07:00,19.4,,.3,63,.9,.59,,9
152,울산,2025-06-07 08:00,21.7,,.5,56,.9,1.16,,8
152,울산,2025-06-07 09:00,24.4,,1.1,46,1,1.8,,7
152,울산,2025-06-07 10:00,26.4,,2.3,37,1,2.51,,4
152,울산,2025-06-07 11:00,28.1,,1.9,33,1,3.13,,3
152,울산,2025-06-07 12:00,29,,1.7,36,1,3.46,,0
152,울산,2025-06-07 13:00,28.6,,2.1,43,1,3.53,,3
152,울산,2025-06-07 14:00,27.5,,1.8,46,1,3.06,,5
152,울산,2025-06-07 15:00,28.7,,1.7,42,1,2.98,,2
152,울산,2025-06-07 16:00,28.6,,1.7,38,1,2.44,,6
152,울산,2025-06-07 17:00,27.8,,1.5,37,1,1.76,,6
152,울산,2025-06-07 18:00,26.2,,1.1,38,1,1.05,,7
152,울산,2025-06-07 19:00,23.2,,1.4,45,0,.24,,9
152,울산,2025-06-07 20:00,21.6,,.5,54,0,.02,,9
152,울산,2025-06-07 21:00,22.9,,2.1,44,,,,9
152,울산,2025-06-07 22:00,22.7,,2.2,42,,,,10
152,울산,2025-06-07 23:00,22.6,,1.5,42,,,,10
152,울산,2025-06-08 00:00,21.8,,.6,48,,,,9
152,울산,2025-06-08 01:00,20.9,,1.6,54,,,,9
152,울산,2025-06-08 02:00,22.2,,2.2,55,,,,9
152,울산,2025-06-08 03:00,21.4,,1.5,55,,,,9
152,울산,2025-06-08 04:00,21,,1.6,55,,,,9
152,울산,2025-06-08 05:00,20.4,,.9,59,,,,9
152,울산,2025-06-08 06:00,20.4,,.3,64,0,.08,,9
152,울산,2025-06-08 07:00,22.8,,1,59,.6,.56,,9
152,울산,2025-06-08 08:00,24,,.7,58,.7,1.04,,7
152,울산,2025-06-08 09:00,24.9,,1.4,58,.7,1.43,,8
152,울산,2025-06-08 10:00,26,,1.7,56,.4,1.67,,8
152,울산,2025-06-08 11:00,27.2,,1.9,51,.9,2.48,,8
152,울산,2025-06-08 12:00,29.1,,1.9,47,1,3.29,,7
152,울산,2025-06-08 13:00,29.4,,2.4,45,1,3.06,,5
152,울산,2025-06-08 14:00,29.4,,2.4,42,.9,3.03,,5
152,울산,2025-06-08 15:00,28.3,,1.9,45,1,2.85,,4
152,울산,2025-06-08 16:00,27.4,,1.8,46,1,2.31,,5
152,울산,2025-06-08 17:00,26,,2.1,51,.7,1.31,,4
152,울산,2025-06-08 18:00,25.3,,1.7,58,.9,.98,,3
152,울산,2025-06-08 19:00,23.7,,1.3,61,.9,.44,,2
152,울산,2025-06-08 20:00,20.2,,1.5,82,0,.04,,3
152,울산,2025-06-08 21:00,19.8,,.3,84,,,,0
152,울산,2025-06-08 22:00,19.6,,.6,84,,,,0
152,울산,2025-06-08 23:00,19.2,,.2,86,,,,0
152,울산,2025-06-09 00:00,19,,.5,87,,,,0
152,울산,2025-06-09 01:00,18.6,,.1,87,,,,0
152,울산,2025-06-09 02:00,18.3,,.7,90,,,,0
152,울산,2025-06-09 03:00,18.2,,.7,91,,,,6
152,울산,2025-06-09 04:00,17.9,,.3,91,,,,7
152,울산,2025-06-09 05:00,18.2,,.5,90,,,,9
152,울산,2025-06-09 06:00,18.6,,.5,90,0,.07,,8
152,울산,2025-06-09 07:00,19.6,,.5,85,0,.32,,9
152,울산,2025-06-09 08:00,20.4,,1,85,0,.36,,9
152,울산,2025-06-09 09:00,21.8,,1.2,78,0,.69,,9
152,울산,2025-06-09 10:00,23.1,,1.4,70,0,1.24,,9
152,울산,2025-06-09 11:00,25.1,,2,61,.6,2.3,,9
152,울산,2025-06-09 12:00,25.7,,2.5,59,1,3.15,,7
152,울산,2025-06-09 13:00,25.9,,2.6,57,1,3.39,,8
152,울산,2025-06-09 14:00,25.6,,1.6,59,.7,2.42,,8
152,울산,2025-06-09 15:00,24.5,,1.7,63,.4,1.89,,9
152,울산,2025-06-09 16:00,22.9,,2.2,69,.3,1.37,,9
152,울산,2025-06-09 17:00,23.5,,1.7,67,.3,1.31,,9
152,울산,2025-06-09 18:00,22.7,,2.1,70,.8,.93,,8
152,울산,2025-06-09 19:00,21.9,,1.2,74,.4,.33,,7
152,울산,2025-06-09 20:00,20.6,,1.1,80,0,.07,,6
152,울산,2025-06-09 21:00,20.3,,2.2,82,,,,0
152,울산,2025-06-09 22:00,20,,1.7,85,,,,0
152,울산,2025-06-09 23:00,20.3,,2.4,85,,,,8
152,울산,2025-06-10 00:00,19.5,,2.5,87,,,,6
152,울산,2025-06-10 01:00,19,,1.5,90,,,,6
152,울산,2025-06-10 02:00,18.4,,1.4,93,,,,8
152,울산,2025-06-10 03:00,18.1,,1.6,94,,,,7
152,울산,2025-06-10 04:00,17.4,,.8,94,,,,6
152,울산,2025-06-10 05:00,17.3,,1.6,95,,,,0
152,울산,2025-06-10 06:00,18.1,,.6,96,.1,.09,,0
152,울산,2025-06-10 07:00,19.6,,1.1,87,1,.55,,2
152,울산,2025-06-10 08:00,22.7,,1.5,71,1,1.27,,6
152,울산,2025-06-10 09:00,23.2,,1.6,74,.9,1.7,,1
152,울산,2025-06-10 10:00,24.6,,2,67,.9,2.43,,2
152,울산,2025-06-10 11:00,26.4,,1.7,60,1,3.08,,2
152,울산,2025-06-10 12:00,27.2,,2,57,1,3.21,,0
152,울산,2025-06-10 13:00,27.6,,1.9,51,1,3.23,,6
152,울산,2025-06-10 14:00,26.9,,2.7,54,.6,2.08,,4
152,울산,2025-06-10 15:00,28.9,,1.7,50,.6,2.3,,8
152,울산,2025-06-10 16:00,28.8,,1.6,47,.4,1.66,,9
152,울산,2025-06-10 17:00,28.5,,4.1,51,0,.68,,9
152,울산,2025-06-10 18:00,28.1,,3.7,53,.1,.6,,9
152,울산,2025-06-10 19:00,27.5,,3.6,56,0,.29,,6
152,울산,2025-06-10 20:00,26.9,,3,58,0,.02,,9
152,울산,2025-06-10 21:00,24.7,,.2,63,,,,9
152,울산,2025-06-10 22:00,25.6,,2,64,,,,10
152,울산,2025-06-10 23:00,24.7,,1.6,66,,,,10
152,울산,2025-06-11 00:00,24.5,,2,58,,,,9
152,울산,2025-06-11 01:00,23.6,,1.5,56,,,,10
152,울산,2025-06-11 02:00,22.8,,1.3,58,,,,10
152,울산,2025-06-11 03:00,22.9,,2.5,56,,,,9
152,울산,2025-06-11 04:00,22,,1.7,57,,,,9
152,울산,2025-06-11 05:00,20.8,,1.7,59,,,,9
152,울산,2025-06-11 06:00,20.6,,1.3,54,0,.06,,9
152,울산,2025-06-11 07:00,21.2,,1.5,51,.2,.46,,9
152,울산,2025-06-11 08:00,22.8,,2.2,42,.7,1.09,,8
152,울산,2025-06-11 09:00,23.5,,2.5,42,.8,1.69,,8
152,울산,2025-06-11 10:00,24.2,,2.5,42,.9,2.15,,7
152,울산,2025-06-11 11:00,26.4,,2.2,36,1,3.22,,5
152,울산,2025-06-11 12:00,27.3,,3,30,1,3.6,,5
152,울산,2025-06-11 13:00,28.7,,2.7,29,1,3.5,,4
152,울산,2025-06-11 14:00,27.8,,2.7,34,1,3.35,,7
152,울산,2025-06-11 15:00,27.2,,1.7,34,1,2.69,,4
152,울산,2025-06-11 16:00,27.1,,2.4,32,1,2.6,,2
152,울산,2025-06-11 17:00,26.9,,2.4,36,1,1.94,,0
152,울산,2025-06-11 18:00,26.1,,1.6,39,1,1.22,,0
152,울산,2025-06-11 19:00,23.9,,1.3,48,.9,.45,,0
152,울산,2025-06-11 20:00,20.9,,.5,60,0,.02,,0
152,울산,2025-06-11 21:00,19.8,,.5,67,,,,8
152,울산,2025-06-11 22:00,20,,.6,64,,,,9
152,울산,2025-06-11 23:00,19.3,,.1,66,,,,0
152,울산,2025-06-12 00:00,20.1,,1,58,,,,6
152,울산,2025-06-12 01:00,19.5,,1.2,62,,,,9
152,울산,2025-06-12 02:00,19.1,,.2,62,,,,9
152,울산,2025-06-12 03:00,20,,1.8,59,,,,9
152,울산,2025-06-12 04:00,20.6,,2.3,56,,,,9
152,울산,2025-06-12 05:00,20.2,,1.1,55,,,,9
152,울산,2025-06-12 06:00,19,,.7,64,.1,.06,,9
152,울산,2025-06-12 07:00,20.3,,1.5,67,0,.41,,9
152,울산,2025-06-12 08:00,21.5,,1.5,67,.4,.89,,8
152,울산,2025-06-12 09:00,22.3,,1.2,65,.1,1.1,,9
152,울산,2025-06-12 10:00,23,,1.2,64,0,1.15,,9
152,울산,2025-06-12 11:00,24.6,,1.6,53,.1,1.53,,9
152,울산,2025-06-12 12:00,25.5,,1.6,46,.1,1.92,,9
152,울산,2025-06-12 13:00,26,,1.4,41,.1,1.97,,9
152,울산,2025-06-12 14:00,27,,1.5,35,.3,2.07,,9
152,울산,2025-06-12 15:00,26.2,,2.2,46,.8,2.17,,8
152,울산,2025-06-12 16:00,25.3,,1.6,52,.5,1.57,,7
152,울산,2025-06-12 17:00,24.8,,1.7,53,.9,1.67,,8
152,울산,2025-06-12 18:00,23.1,,1.9,59,.8,1.02,,7
152,울산,2025-06-12 19:00,21.2,,2.3,69,.3,.38,,7
152,울산,2025-06-12 20:00,19.7,,1.7,81,0,.05,,8
152,울산,2025-06-12 21:00,19,,.9,83,,,,7
152,울산,2025-06-12 22:00,18.4,,.6,84,,,,8
152,울산,2025-06-12 23:00,17.9,,1.2,83,,,,6
152,울산,2025-06-13 00:00,17.9,,.9,82,,,,7
152,울산,2025-06-13 01:00,17.7,,.5,91,,,,10
152,울산,2025-06-13 02:00,17.6,,.7,92,,,,10
152,울산,2025-06-13 03:00,17,,0,91,,,,9
152,울산,2025-06-13 04:00,17,,.6,91,,,,8
152,울산,2025-06-13 05:00,17.3,,1.1,93,,,,8
152,울산,2025-06-13 06:00,17.4,,.6,92,0,.05,,7
152,울산,2025-06-13 07:00,18.7,,.6,87,0,.33,,9
152,울산,2025-06-13 08:00,20.1,,1.6,74,0,.72,,9
152,울산,2025-06-13 09:00,21.1,,.5,72,0,.88,,9
152,울산,2025-06-13 10:00,22.4,0,1.3,66,0,.98,,9
152,울산,2025-06-13 11:00,22.7,0,2.5,63,0,1.15,,10
152,울산,2025-06-13 12:00,22,.1,.9,77,0,.71,,10
152,울산,2025-06-13 13:00,21.2,.5,2,72,0,.83,,10
152,울산,2025-06-13 14:00,19.9,.2,1,73,0,.93,,10
152,울산,2025-06-13 15:00,19.7,.9,1.3,83,0,.76,,10
152,울산,2025-06-13 16:00,21.1,0,.8,72,.1,1.22,,9
152,울산,2025-06-13 17:00,21.5,,1,67,.1,.94,,10
152,울산,2025-06-13 18:00,21,0,.5,74,0,.3,,10
152,울산,2025-06-13 19:00,20.7,.1,.6,84,0,.16,,10
152,울산,2025-06-13 20:00,20,.3,.6,89,0,.01,,10
152,울산,2025-06-13 21:00,19.8,0,.5,91,,,,10
152,울산,2025-06-13 22:00,19.8,.2,.1,92,,,,10
152,울산,2025-06-13 23:00,19.4,1.8,.6,92,,,,10
152,울산,2025-06-14 00:00,18.9,6.5,2.3,95,,,,10
152,울산,2025-06-14 01:00,19,18.3,1.9,97,,,,10
152,울산,2025-06-14 02:00,19.1,8.4,1.7,97,,,,10
152,울산,2025-06-14 03:00,19.3,2.3,.5,97,,,,10
152,울산,2025-06-14 04:00,19.3,7.4,1.8,97,,,,10
152,울산,2025-06-14 05:00,19.1,2.8,1,97,,,,10
152,울산,2025-06-14 06:00,19.3,3.4,1.3,97,0,.01,,10
152,울산,2025-06-14 07:00,19.9,14,.1,97,0,.07,,10
152,울산,2025-06-14 08:00,20,1.6,1.2,97,0,.2,,10
152,울산,2025-06-14 09:00,20.7,2.3,.5,97,0,.18,,10
152,울산,2025-06-14 10:00,21,2.6,.5,97,0,.29,,10
152,울산,2025-06-14 11:00,20.5,1.6,2.6,95,0,.35,,10
152,울산,2025-06-14 12:00,21.2,1.7,.9,94,0,.42,,10
152,울산,2025-06-14 13:00,21.4,1.5,1.5,95,0,.36,,10
152,울산,2025-06-14 14:00,22,.1,1.5,94,0,.63,,10
152,울산,2025-06-14 15:00,22.2,.3,1.5,96,0,.57,,10
152,울산,2025-06-14 16:00,22.2,.4,1.8,93,0,.66,,10
152,울산,2025-06-14 17:00,22.5,,1.7,91,0,.81,,10
152,울산,2025-06-14 18:00,21.9,,1.2,92,0,.38,,10
152,울산,2025-06-14 19:00,21.9,0,.8,92,0,.09,,10
152,울산,2025-06-14 20:00,21.7,,.9,92,0,.04,,9
152,울산,2025-06-14 21:00,21.4,,.4,93,,,,6
152,울산,2025-06-14 22:00,20.9,,1,93,,,,7
152,울산,2025-06-14 23:00,20.3,,.8,93,,,,6
152,울산,2025-06-15 00:00,20,,1.5,94,,,,8
152,울산,2025-06-15 01:00,19.9,,1.8,92,,,,10
152,울산,2025-06-15 02:00,19.1,,2.1,96,,,,8
152,울산,2025-06-15 03:00,18.9,,1.3,95,,,,7
152,울산,2025-06-15 04:00,19.3,,2.2,96,,,,6
152,울산,2025-06-15 05:00,19.2,,.6,97,,,,6
152,울산,2025-06-15 06:00,19,,2.2,97,0,.07,,7
152,울산,2025-06-15 07:00,21.6,,.5,98,.5,.5,,6
152,울산,2025-06-15 08:00,23.3,,.8,90,.9,1.31,,6
152,울산,2025-06-15 09:00,25.6,,.9,81,.9,1.91,,2
152,울산,2025-06-15 10:00,26.6,,1.8,72,1,2.67,,3
152,울산,2025-06-15 11:00,27.3,,2,71,1,3.08,,2
152,울산,2025-06-15 12:00,26.2,,2.2,69,1,3.37,,2
152,울산,2025-06-15 13:00,28.2,,1.8,69,1,3.46,,2
152,울산,2025-06-15 14:00,26.8,,1.2,67,.6,2.4,,3
152,울산,2025-06-15 15:00,26.9,,1.7,65,.5,1.91,,3
152,울산,2025-06-15 16:00,29.7,,2,58,.9,2.23,,3
152,울산,2025-06-15 17:00,28.6,,1.3,56,1,1.97,,5
152,울산,2025-06-15 18:00,25.8,,1.2,67,.2,.64,,8
152,울산,2025-06-15 19:00,24.5,,.5,73,0,.26,,9
152,울산,2025-06-15 20:00,22.9,,.6,82,0,.05,,9
152,울산,2025-06-15 21:00,22.3,.3,1,90,,,,10
152,울산,2025-06-15 22:00,22.2,0,.4,91,,,,10
152,울산,2025-06-15 23:00,23.9,0,4.2,88,,,,10
152,울산,2025-06-16 00:00,21.9,.1,.7,91,,,,10
152,울산,2025-06-16 01:00,21.3,0,2.2,94,,,,10
152,울산,2025-06-16 02:00,23.2,,3.2,93,,,,10
152,울산,2025-06-16 03:00,22,,.7,89,,,,10
152,울산,2025-06-16 04:00,23.7,,3.6,90,,,,10
152,울산,2025-06-16 05:00,22.5,,.6,88,,,,10
152,울산,2025-06-16 06:00,22.5,,.6,93,0,.04,,10
152,울산,2025-06-16 07:00,24.4,,3.1,84,0,.2,,9
152,울산,2025-06-16 08:00,25.6,,1.9,80,.1,.73,,7
152,울산,2025-06-16 09:00,25.8,,1.4,80,0,.49,,10
152,울산,2025-06-16 10:00,24,0,.7,82,0,.46,,10
152,울산,2025-06-16 11:00,23.5,3.2,2,94,0,.48,,10
152,울산,2025-06-16 12:00,23.6,3.1,1.1,93,0,.51,,10
152,울산,2025-06-16 13:00,23.9,.1,2,90,0,.85,,10
152,울산,2025-06-16 14:00,24.3,,2.5,86,0,1.14,,10
152,울산,2025-06-16 15:00,24.7,,3.8,78,0,1.05,,8
152,울산,2025-06-16 16:00,25.3,,3,71,.1,.81,,8
152,울산,2025-06-16 17:00,26.1,,2.6,65,0,.65,,6
152,울산,2025-06-16 18:00,25.7,,4.1,66,.7,.93,,4
152,울산,2025-06-16 19:00,25.7,,1.1,65,.7,.36,,2
152,울산,2025-06-16 20:00,22.3,,1.4,77,0,.04,,0
152,울산,2025-06-16 21:00,20.8,,1.2,83,,,,0
152,울산,2025-06-16 22:00,19.4,,.9,87,,,,0
152,울산,2025-06-16 23:00,18.9,,.8,91,,,,0
152,울산,2025-06-17 00:00,18.9,,.8,92,,,,0
152,울산,2025-06-17 01:00,21.6,,2.3,81,,,,6
152,울산,2025-06-17 02:00,22.6,,3,72,,,,7
152,울산,2025-06-17 03:00,22.4,,3.8,73,,,,7
152,울산,2025-06-17 04:00,21.5,,3,78,,,,7
152,울산,2025-06-17 05:00,22.1,,3.1,74,,,,6
152,울산,2025-06-17 06:00,21.1,,3.1,81,0,.09,,7
152,울산,2025-06-17 07:00,22.4,,3.2,77,.6,.5,,8
152,울산,2025-06-17 08:00,23.5,,5.3,71,.7,1.07,,7
152,울산,2025-06-17 09:00,25.2,,4.2,67,1,1.91,,8
152,울산,2025-06-17 10:00,26.6,,4.7,64,1,2.67,,6
152,울산,2025-06-17 11:00,27.7,,5.3,58,1,3.06,,9
152,울산,2025-06-17 12:00,27.8,,4.4,59,.9,2.86,,8
152,울산,2025-06-17 13:00,28.2,,4.8,57,.7,2.53,,8
152,울산,2025-06-17 14:00,28.2,,4.1,58,.7,2.36,,7
152,울산,2025-06-17 15:00,28.7,,4.1,60,1,2.66,,8
152,울산,2025-06-17 16:00,28.8,,1.7,57,1,2.36,,6
152,울산,2025-06-17 17:00,25.6,,1.5,67,.7,1.29,,7
152,울산,2025-06-17 18:00,23.9,,1.4,74,.6,.81,,9
152,울산,2025-06-17 19:00,23.5,,1.2,79,0,.32,,8
152,울산,2025-06-17 20:00,22.7,,1.2,83,0,.04,,7
152,울산,2025-06-17 21:00,22.5,,2.8,86,,,,1
152,울산,2025-06-17 22:00,22.4,,.9,86,,,,6
152,울산,2025-06-17 23:00,21.6,,.4,89,,,,8
152,울산,2025-06-18 00:00,21,,.2,91,,,,8
152,울산,2025-06-18 01:00,20.8,,.7,92,,,,8
152,울산,2025-06-18 02:00,20,,1.3,93,,,,7
152,울산,2025-06-18 03:00,19.6,,.4,94,,,,8
152,울산,2025-06-18 04:00,19.4,,1.5,95,,,,7
152,울산,2025-06-18 05:00,19.7,,1.2,96,,,,8
152,울산,2025-06-18 06:00,19.9,,.3,94,0,.09,,6
152,울산,2025-06-18 07:00,22.2,,1.1,82,.9,.6,,3
152,울산,2025-06-18 08:00,23.7,,1.4,71,1,1.26,,5
152,울산,2025-06-18 09:00,25.5,,.7,65,1,1.82,,4
152,울산,2025-06-18 10:00,27.1,,1.3,60,1,2.65,,3
152,울산,2025-06-18 11:00,28.2,,1.9,55,1,3.17,,2
152,울산,2025-06-18 12:00,29.5,,1.8,49,1,3.47,,0
152,울산,2025-06-18 13:00,28.1,,1.2,54,1,3.44,,1
152,울산,2025-06-18 14:00,27.6,,1.5,57,1,3.38,,1
152,울산,2025-06-18 15:00,28.6,,1.3,55,.8,2.55,,2
152,울산,2025-06-18 16:00,27.7,,2.1,54,.9,2.3,,0
152,울산,2025-06-18 17:00,28.1,,1.6,54,.9,1.69,,1
152,울산,2025-06-18 18:00,28.4,,1.7,54,1,1.11,,0
152,울산,2025-06-18 19:00,28.3,,.6,55,.9,.45,,0
152,울산,2025-06-18 20:00,26,,1.3,63,0,.06,,0
152,울산,2025-06-18 21:00,24.5,,.2,66,,,,0
152,울산,2025-06-18 22:00,23.9,,.8,65,,,,0
152,울산,2025-06-18 23:00,23.9,,.9,63,,,,5
152,울산,2025-06-19 00:00,23.1,,.7,65,,,,3
152,울산,2025-06-19 01:00,23.1,,1.4,65,,,,5
152,울산,2025-06-19 02:00,22,,1.4,74,,,,6
152,울산,2025-06-19 03:00,21.5,,1.8,79,,,,0
152,울산,2025-06-19 04:00,21.4,,1.1,77,,,,0
152,울산,2025-06-19 05:00,20.4,,.8,82,,,,0
152,울산,2025-06-19 06:00,20.6,,1.2,82,0,.06,,0
152,울산,2025-06-19 07:00,22.4,,1.1,77,.8,.51,,0
152,울산,2025-06-19 08:00,24.7,,1.4,66,1,1.26,,0
152,울산,2025-06-19 09:00,26.8,,1.9,60,1,1.94,,0
152,울산,2025-06-19 10:00,29.4,,1.3,51,1,2.6,,2
152,울산,2025-06-19 11:00,30.2,,1.7,46,1,2.75,,7
152,울산,2025-06-19 12:00,31.8,,1.9,46,1,3.13,,6
152,울산,2025-06-19 13:00,30.9,,1.8,44,.9,2.55,,4
152,울산,2025-06-19 14:00,31.5,,1.3,43,1,3.07,,6
152,울산,2025-06-19 15:00,32.3,,3.9,33,.7,2.36,,6
152,울산,2025-06-19 16:00,32.2,,2.6,33,.5,1.73,,3
152,울산,2025-06-19 17:00,32.2,,3.2,34,1,1.99,,5
152,울산,2025-06-19 18:00,30.6,,2.1,48,.5,.94,,6
152,울산,2025-06-19 19:00,29.2,,2.1,54,.1,.29,,0
152,울산,2025-06-19 20:00,28.2,,3.2,61,0,.03,,5
152,울산,2025-06-19 21:00,27.6,,2.3,63,,,,2
152,울산,2025-06-19 22:00,26.8,,3.1,65,,,,6
152,울산,2025-06-19 23:00,26.3,,2.5,68,,,,7
152,울산,2025-06-20 00:00,26,,3.5,70,,,,2
152,울산,2025-06-20 01:00,25.5,,1.4,73,,,,7
152,울산,2025-06-20 02:00,25.4,,1.6,74,,,,7
152,울산,2025-06-20 03:00,25.3,,1.4,75,,,,7
152,울산,2025-06-20 04:00,24.9,,.8,78,,,,8
152,울산,2025-06-20 05:00,25.1,,2.1,79,,,,9
152,울산,2025-06-20 06:00,25.7,,3.3,77,0,.03,,9
152,울산,2025-06-20 07:00,26,0,3.4,75,0,.3,,10
152,울산,2025-06-20 08:00,26.6,,3.3,74,0,.78,,10
152,울산,2025-06-20 09:00,26.6,,1.7,73,.1,.85,,10
152,울산,2025-06-20 10:00,27.8,,5.3,71,.3,1.46,,10
152,울산,2025-06-20 11:00,28.2,,6.6,68,.3,1.77,,10
152,울산,2025-06-20 12:00,28,,7.8,69,.1,1.72,,10
152,울산,2025-06-20 13:00,27.9,,8,68,0,1.59,,10
152,울산,2025-06-20 14:00,27.5,,6.2,73,0,1.33,,10
152,울산,2025-06-20 15:00,27.3,,4.8,74,0,1.07,,10
152,울산,2025-06-20 16:00,27.3,,4.5,71,0,.87,,10
152,울산,2025-06-20 17:00,27.1,,4.1,72,0,.52,,10
152,울산,2025-06-20 18:00,26.5,,4.6,75,0,.24,,10
152,울산,2025-06-20 19:00,26.2,,4.5,77,0,.07,,10
152,울산,2025-06-20 20:00,25.9,0,3.7,78,0,.01,,10
152,울산,2025-06-20 21:00,25.7,,3.3,79,,,,10
152,울산,2025-06-20 22:00,25.6,,4,79,,,,10
152,울산,2025-06-20 23:00,25.2,0,4,82,,,,10
152,울산,2025-06-21 00:00,25.2,0,3,80,,,,10
152,울산,2025-06-21 01:00,24.7,0,3.7,81,,,,10
152,울산,2025-06-21 02:00,25.1,0,4.8,77,,,,10
152,울산,2025-06-21 03:00,25.1,0,3.2,77,,,,10
152,울산,2025-06-21 04:00,24.8,0,2.6,83,,,,10
152,울산,2025-06-21 05:00,25.1,0,4,81,,,,10
152,울산,2025-06-21 06:00,25.6,0,5.5,76,0,.01,,10
152,울산,2025-06-21 07:00,25.9,,5.9,72,0,.16,,10
152,울산,2025-06-21 08:00,25.9,0,5.3,71,0,.26,,10
152,울산,2025-06-21 09:00,25.7,0,5.1,73,0,.28,,10
152,울산,2025-06-21 10:00,26.1,0,5,70,0,.38,,10
152,울산,2025-06-21 11:00,26.3,0,3.4,76,0,.47,,10
152,울산,2025-06-21 12:00,26.3,,4.5,77,0,.73,,10
152,울산,2025-06-21 13:00,26,0,3.5,80,0,.65,,10
152,울산,2025-06-21 14:00,24.4,0,1.1,83,0,.17,,10
152,울산,2025-06-21 15:00,24.3,,1.5,83,0,.27,,10
152,울산,2025-06-21 16:00,26.3,,4.6,78,0,.37,,10
152,울산,2025-06-21 17:00,26,,3.5,79,0,.17,,10
152,울산,2025-06-21 18:00,22.1,.7,3.7,84,0,.04,,10
152,울산,2025-06-21 19:00,20.7,5.4,2.6,94,0,.01,,10
152,울산,2025-06-21 20:00,20.4,.8,1.6,94,0,.01,,10
152,울산,2025-06-21 21:00,19.9,10.5,1.2,95,,,,10
152,울산,2025-06-21 22:00,19.9,.3,.6,95,,,,10
152,울산,2025-06-21 23:00,19.8,.4,.8,95,,,,10
152,울산,2025-06-22 00:00,19.7,.6,1.7,95,,,,10
152,울산,2025-06-22 01:00,18.7,10.2,2.8,95,,,,10
152,울산,2025-06-22 02:00,18.4,4.8,2.6,93,,,,10
152,울산,2025-06-22 03:00,17.8,.6,1.1,89,,,,10
152,울산,2025-06-22 04:00,17.4,.1,1.6,91,,,,10
152,울산,2025-06-22 05:00,17.4,0,1.6,92,,,,10
152,울산,2025-06-22 06:00,17.6,,2,87,0,.01,,10
152,울산,2025-06-22 07:00,18.2,0,2.6,85,0,.23,,10
152,울산,2025-06-22 08:00,18.8,.1,1.4,86,0,.53,,10
152,울산,2025-06-22 09:00,20.1,0,1.5,85,0,.92,,10
152,울산,2025-06-22 10:00,21,,.8,81,0,1.01,,10
152,울산,2025-06-22 11:00,22.4,,1.1,78,0,1.17,,9
152,울산,2025-06-22 12:00,24.1,,1.3,65,.2,2.17,,9
152,울산,2025-06-22 13:00,24.9,,1.7,66,.3,1.88,,9
152,울산,2025-06-22 14:00,26.9,,2.6,52,1,3.25,,7
152,울산,2025-06-22 15:00,27.1,,1.4,49,.6,2.27,,8
152,울산,2025-06-22 16:00,25,,1.4,60,.4,1.67,,8
152,울산,2025-06-22 17:00,24.2,,1,64,0,1,,9
152,울산,2025-06-22 18:00,23.6,,.6,69,0,.6,,9
152,울산,2025-06-22 19:00,22.7,,.4,77,0,.24,,9
152,울산,2025-06-22 20:00,22,,.5,80,0,.05,,10
152,울산,2025-06-22 21:00,22.6,,1.1,68,,,,9
152,울산,2025-06-22 22:00,21.3,,2.1,70,,,,6
152,울산,2025-06-22 23:00,20.4,,1.4,75,,,,6
152,울산,2025-06-23 00:00,20.2,,1.1,75,,,,9
152,울산,2025-06-23 01:00,20.8,,2,73,,,,5
152,울산,2025-06-23 02:00,19.1,,.4,82,,,,9
152,울산,2025-06-23 03:00,19.8,,1.7,79,,,,5
152,울산,2025-06-23 04:00,19.9,,1.7,76,,,,0
152,울산,2025-06-23 05:00,19.7,,1.4,78,,,,0
152,울산,2025-06-23 06:00,20.2,,.7,79,.2,.08,,0
152,울산,2025-06-23 07:00,22.7,,.3,72,1,.65,,0
152,울산,2025-06-23 08:00,24.9,,1.3,65,1,1.37,,0
152,울산,2025-06-23 09:00,26.2,,1.7,58,1,2.08,,0
152,울산,2025-06-23 10:00,27.4,,1.8,55,1,2.7,,0
152,울산,2025-06-23 11:00,28.5,,2.2,45,1,3.17,,0
152,울산,2025-06-23 12:00,29.3,,2.3,46,1,3.46,,0
152,울산,2025-06-23 13:00,29.2,,2,44,1,3.52,,0
152,울산,2025-06-23 14:00,29.4,,2.5,47,1,3.46,,0
152,울산,2025-06-23 15:00,29.1,,2.4,47,1,3.16,,1
152,울산,2025-06-23 16:00,29,,1.7,41,1,2.61,,1
152,울산,2025-06-23 17:00,28.4,,2,47,1,2,,1
152,울산,2025-06-23 18:00,27,,1.9,49,1,1.28,,1
152,울산,2025-06-23 19:00,25.8,,.6,53,1,.55,,0
152,울산,2025-06-23 20:00,22.7,,1.2,63,0,.03,,0
152,울산,2025-06-23 21:00,20.9,,1.2,71,,,,0
152,울산,2025-06-23 22:00,20.4,,1.6,73,,,,2
152,울산,2025-06-23 23:00,19.9,,.9,75,,,,6
152,울산,2025-06-24 00:00,19.1,,.5,80,,,,5
152,울산,2025-06-24 01:00,18.4,,.2,82,,,,0
152,울산,2025-06-24 02:00,18.8,,1.5,82,,,,6
152,울산,2025-06-24 03:00,18.4,,2.2,84,,,,8
152,울산,2025-06-24 04:00,18.2,,1.6,83,,,,8
152,울산,2025-06-24 05:00,18.1,,.4,86,,,,9
152,울산,2025-06-24 06:00,19,,.9,84,0,.04,,10
152,울산,2025-06-24 07:00,19.9,,.6,83,0,.27,,10
152,울산,2025-06-24 08:00,21,,.4,80,0,.51,,10
152,울산,2025-06-24 09:00,22.7,,1.5,69,0,.85,,10
152,울산,2025-06-24 10:00,22.1,,2.1,75,0,.66,,10
152,울산,2025-06-24 11:00,21.8,0,1.9,69,0,.43,,10
152,울산,2025-06-24 12:00,21.6,.1,2.3,79,0,.66,,10
152,울산,2025-06-24 13:00,21.1,.6,1,84,0,.59,,10
152,울산,2025-06-24 14:00,20.1,2.7,1.7,91,0,.2,,10
152,울산,2025-06-24 15:00,19.9,5.8,1,93,0,.19,,10
152,울산,2025-06-24 16:00,20,7.1,1.6,94,0,.32,,10
152,울산,2025-06-24 17:00,20.2,1.1,1.1,95,0,.29,,10
152,울산,2025-06-24 18:00,20.2,1.1,1.3,95,0,.13,,10
152,울산,2025-06-24 19:00,20.1,1.2,1.1,95,0,.07,,10
152,울산,2025-06-24 20:00,20.2,.8,1.2,95,0,.01,,10
152,울산,2025-06-24 21:00,20.2,.7,.7,95,,,,10
152,울산,2025-06-24 22:00,19.9,6.6,1.2,95,,,,10
152,울산,2025-06-24 23:00,19.9,4.2,.7,96,,,,10
152,울산,2025-06-25 00:00,19.6,1.1,1.2,96,,,,10
152,울산,2025-06-25 01:00,19.4,0,.8,96,,,,10
152,울산,2025-06-25 02:00,19.1,1.2,.9,96,,,,10
152,울산,2025-06-25 03:00,19.3,,.6,96,,,,10
152,울산,2025-06-25 04:00,19.2,.9,.9,96,,,,10
152,울산,2025-06-25 05:00,19.3,,.5,97,,,,10
152,울산,2025-06-25 06:00,19.5,0,.8,96,0,.01,,10
152,울산,2025-06-25 07:00,19.6,0,1.1,96,0,.09,,10
152,울산,2025-06-25 08:00,20.4,,1.1,95,0,.23,,10
152,울산,2025-06-25 09:00,21,.1,.6,94,0,.58,,10
152,울산,2025-06-25 10:00,21.3,,1.5,94,0,.54,,10
152,울산,2025-06-25 11:00,21.2,,1.9,91,0,.36,,10
152,울산,2025-06-25 12:00,22.4,,1.4,87,0,.97,,8
152,울산,2025-06-25 13:00,24.5,,1.6,77,.7,2.88,,9
152,울산,2025-06-25 14:00,25.2,,1.3,69,.7,2.9,,8
152,울산,2025-06-25 15:00,24.9,,2.6,71,.6,2.4,,6
152,울산,2025-06-25 16:00,25.6,,1.5,72,.8,2.06,,5
152,울산,2025-06-25 17:00,26.1,,1.6,66,1,1.84,,8
152,울산,2025-06-25 18:00,24.5,,2.1,70,.5,.85,,7
152,울산,2025-06-25 19:00,23.8,,3.6,73,.2,.38,,7
152,울산,2025-06-25 20:00,23.1,,3.2,76,0,.07,,7
152,울산,2025-06-25 21:00,22.4,,2.1,79,,,,7
152,울산,2025-06-25 22:00,22.2,,3.9,79,,,,6
152,울산,2025-06-25 23:00,21.6,,1.8,82,,,,0
152,울산,2025-06-26 00:00,21,,1.4,84,,,,5
152,울산,2025-06-26 01:00,20.8,,3.2,85,,,,6
152,울산,2025-06-26 02:00,21.8,,2.4,76,,,,6
152,울산,2025-06-26 03:00,20.9,,1.3,80,,,,5
152,울산,2025-06-26 04:00,21.5,,1.7,74,,,,6
152,울산,2025-06-26 05:00,20.4,,1.6,78,,,,7
152,울산,2025-06-26 06:00,21.1,,2.4,76,.2,.14,,7
152,울산,2025-06-26 07:00,22.1,,2.3,70,.8,.48,,7
152,울산,2025-06-26 08:00,23.1,,1.1,67,.6,.68,,6
152,울산,2025-06-26 09:00,25.2,,2,66,.9,1.89,,1
152,울산,2025-06-26 10:00,26.5,,1.6,58,1,2.63,,1
152,울산,2025-06-26 11:00,27.7,,1.5,52,1,3.11,,5
152,울산,2025-06-26 12:00,28.4,,1.9,49,.7,2.85,,6
152,울산,2025-06-26 13:00,28.4,,1.7,51,.4,2.34,,8
152,울산,2025-06-26 14:00,28.4,,.9,54,0,1.3,,8
152,울산,2025-06-26 15:00,30,,1.6,49,.5,2.31,,5
152,울산,2025-06-26 16:00,29.2,,1,52,.3,1.57,,7
152,울산,2025-06-26 17:00,27.8,,.7,54,0,.73,,7
152,울산,2025-06-26 18:00,28.3,,.6,58,.3,.7,,7
152,울산,2025-06-26 19:00,26.8,,1.2,63,0,.28,,7
152,울산,2025-06-26 20:00,25.4,,1.1,69,0,.06,,3
152,울산,2025-06-26 21:00,24.8,,1.4,71,,,,3
152,울산,2025-06-26 22:00,23.5,,1.1,78,,,,8
152,울산,2025-06-26 23:00,24,,1.3,75,,,,7
152,울산,2025-06-27 00:00,22.5,,2,82,,,,0
152,울산,2025-06-27 01:00,22.8,,1.7,79,,,,0
152,울산,2025-06-27 02:00,21.4,,1.8,85,,,,0
152,울산,2025-06-27 03:00,21.1,,.3,86,,,,0
152,울산,2025-06-27 04:00,21.7,,2.3,83,,,,6
152,울산,2025-06-27 05:00,21.5,,1,83,,,,3
152,울산,2025-06-27 06:00,21.1,,1.3,86,.1,.08,,2
152,울산,2025-06-27 07:00,22.8,,.7,81,1,.55,,2
152,울산,2025-06-27 08:00,25,,.9,71,1,1.23,,2
152,울산,2025-06-27 09:00,26,,1.2,66,.9,1.52,,6
152,울산,2025-06-27 10:00,26.9,,2.3,63,1,2.44,,7
152,울산,2025-06-27 11:00,28.2,,1.3,59,1,2.8,,7
152,울산,2025-06-27 12:00,29.2,,2.5,54,1,3.21,,7
152,울산,2025-06-27 13:00,29.8,,2.4,55,1,3.28,,7
152,울산,2025-06-27 14:00,29.8,,1.8,55,.7,2.6,,3
152,울산,2025-06-27 15:00,30.4,,2.1,54,1,2.96,,6
152,울산,2025-06-27 16:00,29.4,,1.9,53,1,2.41,,6
152,울산,2025-06-27 17:00,29,,1.5,54,1,1.79,,3
152,울산,2025-06-27 18:00,28.6,,1.5,56,1,1.01,,3
152,울산,2025-06-27 19:00,28,,.7,59,1,.49,,5
152,울산,2025-06-27 20:00,25.8,,.9,64,0,.05,,3
152,울산,2025-06-27 21:00,24.6,,.3,72,,,,0
152,울산,2025-06-27 22:00,24,,.4,75,,,,0
152,울산,2025-06-27 23:00,24.7,,1.3,77,,,,0
152,울산,2025-06-28 00:00,23.9,,.6,79,,,,0
152,울산,2025-06-28 01:00,23.7,,1,79,,,,0
152,울산,2025-06-28 02:00,23.6,,.9,79,,,,0
152,울산,2025-06-28 03:00,23.3,,.8,82,,,,0
152,울산,2025-06-28 04:00,23.6,,1.9,81,,,,0
152,울산,2025-06-28 05:00,23.3,,1,83,,,,0
152,울산,2025-06-28 06:00,23.3,,.9,84,.2,.07,,0
152,울산,2025-06-28 07:00,24.9,,.8,79,1,.55,,0
152,울산,2025-06-28 08:00,27.1,,1.2,72,1,1.2,,3
152,울산,2025-06-28 09:00,29.6,,.5,65,1,1.9,,3
152,울산,2025-06-28 10:00,31.1,,.3,58,1,2.41,,2
152,울산,2025-06-28 11:00,31.9,,1.2,54,1,2.92,,2
152,울산,2025-06-28 12:00,32.7,,2.1,54,1,3.24,,3
152,울산,2025-06-28 13:00,33.1,,1.2,53,1,3.35,,2
152,울산,2025-06-28 14:00,31.8,,2.4,55,1,3.2,,3
152,울산,2025-06-28 15:00,32,,2.2,55,1,2.89,,2
152,울산,2025-06-28 16:00,31.3,,1.9,57,1,2.39,,1
152,울산,2025-06-28 17:00,31.2,,1.6,56,1,1.81,,1
152,울산,2025-06-28 18:00,28.5,,1.9,63,.9,1.08,,0
152,울산,2025-06-28 19:00,26.6,,.9,71,.4,.28,,4
152,울산,2025-06-28 20:00,25.2,,.3,77,0,.02,,6
152,울산,2025-06-28 21:00,25.2,,.1,83,,,,7
152,울산,2025-06-28 22:00,25.4,,.4,82,,,,6
152,울산,2025-06-28 23:00,25.2,,.8,82,,,,0
152,울산,2025-06-29 00:00,25.6,,1.3,83,,,,0
152,울산,2025-06-29 01:00,25.3,,.9,86,,,,0
152,울산,2025-06-29 02:00,25.1,,.9,86,,,,0
152,울산,2025-06-29 03:00,24.8,,.6,87,,,,0
152,울산,2025-06-29 04:00,24.5,,1.7,90,,,,0
152,울산,2025-06-29 05:00,24.5,,2.4,89,,,,0
152,울산,2025-06-29 06:00,24.5,,1.7,92,.1,.07,,0
152,울산,2025-06-29 07:00,26.6,,1.8,84,1,.57,,0
152,울산,2025-06-29 08:00,28.3,,1,77,1,1.26,,0
152,울산,2025-06-29 09:00,30.3,,1.3,69,1,1.97,,0
152,울산,2025-06-29 10:00,31.4,,1.3,62,1,2.58,,0
152,울산,2025-06-29 11:00,32.7,,2.3,58,1,3.09,,0
152,울산,2025-06-29 12:00,33,,1.9,57,1,3.39,,1
152,울산,2025-06-29 13:00,33,,1.5,53,1,3.43,,0
152,울산,2025-06-29 14:00,32.6,,1.6,53,1,3.36,,0
152,울산,2025-06-29 15:00,31.9,,1.4,55,1,3.05,,0
152,울산,2025-06-29 16:00,30.8,,1.4,57,1,2.56,,0
152,울산,2025-06-29 17:00,30.1,,2,57,1,1.93,,0
152,울산,2025-06-29 18:00,29.9,,.9,58,1,1.22,,0
152,울산,2025-06-29 19:00,28.5,,.9,61,1,.51,,1
152,울산,2025-06-29 20:00,27.3,,.4,68,0,.04,,0
152,울산,2025-06-29 21:00,27,,1,76,,,,0
152,울산,2025-06-29 22:00,27.3,,2.8,73,,,,0
152,울산,2025-06-29 23:00,26.8,,2,75,,,,0
152,울산,2025-06-30 00:00,25.7,,.4,80,,,,0
152,울산,2025-06-30 01:00,25.8,,1.4,80,,,,0
152,울산,2025-06-30 02:00,26.3,,2.1,78,,,,0
152,울산,2025-06-30 03:00,25.6,,1.7,80,,,,0
152,울산,2025-06-30 04:00,25.6,,1.9,82,,,,0
152,울산,2025-06-30 05:00,25.6,,1.5,82,,,,0
152,울산,2025-06-30 06:00,25.4,,2.6,83,.1,.07,,0
152,울산,2025-06-30 07:00,26.8,,1.8,78,1,.61,,0
152,울산,2025-06-30 08:00,29.1,,.5,70,1,1.3,,0
152,울산,2025-06-30 09:00,30.7,,1.4,65,1,1.97,,0
152,울산,2025-06-30 10:00,32.4,,.7,56,1,2.63,,0
152,울산,2025-06-30 11:00,32.6,,1.8,55,1,3.18,,1
152,울산,2025-06-30 12:00,32,,1.8,55,1,3.37,,1
152,울산,2025-06-30 13:00,32.9,,1.8,53,1,3.46,,2
152,울산,2025-06-30 14:00,33.4,,2.5,51,1,3.36,,3
152,울산,2025-06-30 15:00,32.9,,1.7,54,.6,2.18,,2
152,울산,2025-06-30 16:00,34.6,,2.8,46,1,2.59,,6
152,울산,2025-06-30 17:00,32.7,,4.5,54,1,1.8,,5
152,울산,2025-06-30 18:00,31.9,,3.9,56,1,1.24,,6
152,울산,2025-06-30 19:00,30.8,,4.1,56,1,.57,,3
152,울산,2025-06-30 20:00,29.1,,1.3,61,0,.04,,0
152,울산,2025-06-30 21:00,27.2,,.5,70,,,,0
152,울산,2025-06-30 22:00,27.1,,.9,73,,,,0
152,울산,2025-06-30 23:00,26.8,,1.5,74,,,,0
